,Track_Number,Total_Tracks,Year_Released,Month_Released,Popularity
0,3,6,2019,5,87
1,9,12,2019,11,87
2,2,26,2019,10,89
3,1,1,2019,8,87
4,2,12,2019,12,90
5,4,12,2019,5,88
6,4,11,2019,3,83
7,7,11,2019,8,83
8,12,26,2019,10,86
9,6,12,2019,12,87
10,6,6,2019,1,85
11,2,10,2019,11,83
12,1,1,2019,2,82
13,10,12,2019,2,87
14,11,32,2019,6,82
15,13,15,2019,11,86
16,3,12,2019,12,86
17,3,18,2019,8,84
18,2,14,2019,3,86
19,1,12,2019,12,85
20,5,12,2019,11,84
21,7,10,2019,10,81
22,9,10,2019,6,81
23,4,26,2019,10,85
24,13,15,2019,11,83
25,3,3,2019,8,80
26,1,3,2019,12,81
27,1,5,2019,4,79
28,7,14,2019,3,84
29,11,12,2019,2,84
30,1,1,2019,10,82
31,1,1,2019,7,78
32,1,10,2019,4,81
33,3,10,2019,11,80
34,1,1,2019,7,82
35,13,16,2019,4,78
36,13,14,2019,3,82
37,7,10,2019,1,81
38,1,14,2019,6,83
39,1,1,2019,11,84
40,24,26,2019,10,83
41,1,1,2019,12,82
42,13,19,2019,8,80
43,15,16,2019,3,78
44,8,18,2019,8,81
45,3,12,2019,11,80
46,2,12,2019,5,82
47,1,1,2019,9,80
48,14,14,2019,7,80
49,1,1,2019,10,82
50,6,9,2019,2,78
51,6,12,2019,11,79
52,10,12,2019,8,78
53,2,18,2019,8,80
54,3,12,2019,10,82
55,2,2,2019,6,80
56,12,14,2019,10,77
57,3,8,2019,7,76
58,3,10,2019,4,78
59,12,12,2019,12,80
60,1,1,2019,10,80
61,2,12,2019,8,78
62,2,2,2019,10,82
63,1,1,2019,6,82
64,9,9,2019,8,78
65,11,13,2019,9,80
66,2,10,2019,6,79
67,1,1,2019,6,78
68,1,1,2019,10,81
69,1,1,2019,6,76
70,1,1,2019,10,83
71,1,9,2019,11,83
72,1,1,2019,1,75
73,14,18,2019,8,79
74,12,12,2019,2,79
75,4,14,2019,3,79
76,12,14,2019,3,78
77,3,12,2019,5,80
78,1,1,2019,3,84
79,8,12,2019,12,79
80,2,20,2019,9,75
81,5,8,2019,5,77
82,1,12,2019,11,76
83,1,1,2019,8,79
84,1,18,2019,8,80
85,5,13,2019,7,78
86,3,7,2019,3,74
87,1,1,2019,2,80
88,9,11,2019,8,78
89,12,12,2019,11,77
90,1,1,2019,2,78
91,1,8,2019,6,82
92,9,11,2019,3,75
93,4,18,2019,8,78
94,4,14,2019,12,79
95,6,14,2019,3,78
96,3,12,2019,8,76
97,1,10,2019,5,75
98,11,14,2019,7,75
99,6,12,2019,4,74
100,2,7,2019,4,83
101,1,1,2019,6,79
102,4,8,2019,11,77
103,1,1,2019,5,74
104,5,12,2019,12,76
105,1,1,2019,6,83
106,1,1,2019,6,74
107,11,20,2019,7,76
108,1,1,2019,7,84
109,1,7,2019,10,75
110,6,26,2019,10,77
111,3,11,2019,4,77
112,16,18,2019,8,79
113,5,12,2019,3,79
114,1,2,2019,11,78
115,1,1,2019,11,75
116,15,16,2019,4,75
117,4,12,2019,12,78
118,3,15,2019,11,74
119,1,1,2019,1,79
120,7,10,2019,12,77
121,1,1,2019,6,78
122,10,14,2019,3,78
123,9,12,2019,12,76
124,2,14,2019,3,71
125,1,1,2019,8,73
126,1,1,2019,6,76
127,5,14,2019,3,77
128,1,1,2019,5,82
129,10,10,2019,10,74
130,5,11,2019,3,73
131,12,13,2019,11,73
132,5,17,2019,4,75
133,4,14,2019,5,71
134,3,42,2019,10,79
135,2,12,2019,4,79
136,1,1,2019,5,78
137,1,1,2019,11,75
138,2,12,2019,2,75
139,5,11,2019,8,73
140,2,16,2019,5,76
141,1,1,2019,6,76
142,1,20,2019,7,77
143,2,15,2019,7,79
144,8,20,2019,7,75
145,2,7,2019,10,73
146,1,1,2019,5,81
147,1,1,2019,8,75
148,5,19,2019,10,72
149,1,2,2019,11,79
150,1,1,2019,6,79
151,3,7,2019,9,75
152,3,19,2019,2,73
153,4,11,2019,5,71
154,9,15,2019,2,81
155,15,18,2019,8,76
156,6,10,2019,12,78
157,12,12,2019,3,79
158,6,12,2019,12,74
159,10,15,2019,1,78
160,2,11,2019,9,68
161,5,14,2019,8,77
162,6,20,2019,7,74
163,1,18,2019,8,74
164,1,16,2019,6,81
165,3,12,2019,4,68
166,6,12,2019,3,77
167,5,8,2019,11,75
168,2,10,2019,6,73
169,2,12,2019,11,73
170,1,15,2019,1,81
171,1,1,2019,10,82
172,1,1,2019,4,70
173,3,21,2019,8,71
174,12,13,2019,9,75
175,1,5,2019,4,78
176,1,1,2019,3,75
177,3,5,2019,7,73
178,1,1,2019,11,71
179,1,1,2019,8,78
180,3,14,2019,3,75
181,1,1,2019,8,72
182,13,14,2019,6,77
183,1,6,2019,4,78
184,7,12,2019,12,75
185,2,8,2019,7,71
186,11,18,2019,8,75
187,1,1,2019,5,77
188,10,18,2019,8,73
189,1,1,2019,7,77
190,1,1,2019,1,74
191,3,14,2019,6,74
192,1,1,2019,6,69
193,5,12,2019,1,71
194,2,2,2019,9,75
195,9,12,2019,2,73
196,5,51,2019,3,67
197,5,10,2019,4,75
198,1,1,2019,5,64
199,1,12,2019,4,73
200,7,11,2019,4,68
201,4,12,2019,11,68
202,11,12,2019,12,72
203,1,1,2019,8,67
204,6,13,2019,5,68
205,5,7,2019,7,68
206,10,10,2019,11,68
207,6,18,2019,5,68
208,1,1,2019,5,77
209,1,1,2019,5,67
210,13,16,2019,5,69
211,10,17,2019,4,68
212,1,13,2019,11,67
213,1,1,2019,11,70
214,1,2,2019,6,68
215,4,8,2019,5,67
216,3,9,2019,10,63
217,8,13,2019,9,69
218,12,16,2019,2,71
219,3,13,2019,9,64
220,1,1,2019,8,70
221,1,1,2019,5,71
222,3,12,2019,6,75
223,1,1,2019,12,71
224,5,8,2019,8,64
225,5,12,2019,9,66
226,2,9,2019,12,66
227,14,14,2019,6,66
228,1,1,2019,11,72
229,9,13,2019,9,68
230,2,10,2019,10,68
231,1,1,2019,6,73
232,1,6,2019,1,66
233,1,14,2019,8,70
234,4,13,2019,5,67
235,1,1,2019,3,67
236,1,1,2019,6,67
237,2,13,2019,7,66
238,1,1,2019,8,77
239,2,12,2019,7,72
240,14,17,2019,10,73
241,2,14,2019,7,69
242,3,17,2019,9,66
243,2,14,2019,8,70
244,4,20,2019,7,68
245,1,1,2019,4,67
246,4,7,2019,12,68
247,4,10,2019,11,67
248,11,17,2019,4,67
249,14,14,2019,3,70
250,9,12,2019,1,65
251,1,1,2019,6,75
252,12,14,2019,5,65
253,2,10,2019,12,67
254,2,4,2019,7,70
255,1,1,2019,6,65
256,1,12,2019,2,70
257,1,2,2019,5,69
258,2,6,2019,10,72
259,1,1,2019,9,63
260,1,1,2019,12,64
261,3,21,2019,9,67
262,4,10,2019,10,67
263,3,13,2019,10,74
264,1,1,2019,2,68
265,4,14,2019,5,70
266,1,1,2019,7,65
267,2,9,2019,10,66
268,1,1,2019,11,70
269,2,2,2019,8,71
270,1,6,2019,5,71
271,1,1,2019,8,69
272,4,7,2019,4,74
273,1,5,2019,11,65
274,1,12,2019,1,70
275,3,6,2019,6,65
276,1,1,2019,3,79
277,5,13,2019,9,68
278,1,1,2019,10,67
279,13,20,2019,7,69
280,2,10,2019,4,67
281,1,1,2019,5,67
282,1,1,2019,6,70
283,1,2,2019,11,73
284,8,14,2019,3,64
285,3,11,2019,8,67
286,1,9,2019,5,75
287,2,11,2019,5,68
288,2,8,2019,10,73
289,3,10,2019,3,69
290,7,7,2019,4,73
291,1,1,2019,11,72
292,12,12,2019,8,67
293,4,7,2019,9,69
294,1,1,2019,11,68
295,2,18,2019,9,65
296,1,1,2019,11,65
297,1,1,2019,11,70
298,3,15,2019,11,67
299,1,1,2019,12,73
300,1,1,2019,11,75
301,1,6,2019,12,61
302,10,13,2019,9,67
303,11,12,2019,11,66
304,1,1,2019,9,66
305,3,18,2019,11,69
306,1,1,2019,4,68
307,1,1,2019,1,60
308,5,13,2019,5,65
309,1,3,2019,10,66
310,8,14,2019,8,68
311,1,4,2019,5,64
312,2,12,2019,1,68
313,8,26,2019,10,70
314,1,1,2019,12,64
315,1,1,2019,5,67
316,2,14,2019,6,66
317,14,15,2019,10,64
318,1,1,2019,6,80
319,1,1,2019,8,66
320,9,16,2019,8,64
321,6,12,2019,9,65
322,1,4,2019,5,71
323,1,1,2019,8,65
324,10,14,2019,11,66
325,4,10,2019,6,66
326,1,2,2019,8,64
327,9,20,2019,7,67
328,1,1,2019,7,71
329,1,12,2019,5,71
330,1,1,2019,3,67
331,2,14,2019,8,66
332,8,13,2019,5,64
333,1,1,2019,11,71
334,3,6,2019,5,71
335,5,12,2019,5,67
336,7,12,2019,11,66
337,2,9,2019,5,75
338,1,1,2019,2,70
339,1,1,2019,6,77
340,4,14,2019,8,65
341,1,1,2019,1,68
342,1,1,2019,5,65
343,12,12,2019,2,63
344,16,16,2019,10,70
345,4,13,2019,9,61
346,5,12,2019,7,66
347,1,1,2019,5,68
348,7,12,2019,2,67
349,6,14,2019,8,70
350,2,8,2019,6,68
351,1,1,2019,5,67
352,2,4,2019,5,63
353,11,17,2019,9,64
354,7,13,2019,9,67
355,3,13,2019,3,77
356,6,7,2019,4,72
357,1,1,2019,12,67
358,1,1,2019,11,68
359,3,13,2019,9,66
360,15,20,2019,7,68
361,8,9,2019,10,61
362,1,14,2019,8,66
363,9,13,2019,9,67
364,2,6,2019,11,64
365,1,1,2019,2,69
366,12,16,2019,4,64
367,1,1,2019,9,74
368,11,36,2019,8,66
369,1,1,2019,10,63
370,1,1,2019,7,64
371,1,1,2019,9,64
372,2,10,2019,6,65
373,1,1,2019,5,70
374,9,12,2019,12,65
375,2,11,2019,10,70
376,5,9,2019,2,66
377,1,1,2019,7,70
378,1,10,2019,10,65
379,1,5,2019,5,63
380,3,8,2019,8,62
381,1,1,2019,10,68
382,8,38,2019,3,66
383,3,11,2019,8,64
384,16,19,2019,8,62
385,16,16,2019,4,68
386,1,11,2019,4,65
387,1,1,2019,7,65
388,9,10,2019,4,64
389,4,15,2019,5,66
390,11,17,2019,7,73
391,7,14,2019,10,71
392,1,1,2019,2,65
393,3,12,2019,8,65
394,4,4,2019,10,66
395,1,13,2019,9,66
396,2,4,2019,11,69
397,7,12,2019,1,62
398,10,14,2019,4,65
399,5,8,2019,6,63
400,3,17,2019,8,65
401,1,1,2019,12,64
402,6,19,2019,3,65
403,4,6,2019,1,68
404,6,17,2019,9,62
405,8,12,2019,11,66
406,1,1,2019,11,64
407,1,1,2019,8,72
408,10,10,2019,4,63
409,14,14,2019,8,70
410,6,7,2019,5,69
411,13,13,2019,9,65
412,4,14,2019,9,62
413,2,13,2019,9,60
414,4,12,2019,5,71
415,3,14,2019,8,68
416,1,2,2019,1,64
417,3,12,2019,4,74
418,17,17,2019,8,69
419,4,12,2019,2,63
420,13,15,2019,2,72
421,1,1,2019,2,72
422,1,1,2019,10,73
423,2,12,2019,5,64
424,2,11,2019,4,63
425,13,14,2019,3,61
426,1,1,2019,3,64
427,2,5,2019,4,69
428,3,17,2019,9,62
429,10,20,2019,7,66
430,2,9,2019,11,69
431,1,1,2019,4,65
432,6,13,2019,9,66
433,1,1,2019,11,68
434,2,2,2019,9,63
435,1,1,2019,10,63
436,1,2,2019,12,65
437,14,19,2019,3,64
438,3,5,2019,8,63
439,2,5,2019,3,70
440,1,1,2019,9,71
441,17,40,2019,11,71
442,1,1,2019,9,64
443,9,13,2019,1,65
444,2,9,2019,8,62
445,4,4,2019,2,71
446,1,1,2019,6,70
447,14,16,2019,10,68
448,11,16,2019,2,66
449,7,9,2019,10,64
450,1,1,2019,10,67
451,1,1,2019,6,65
452,4,16,2019,10,66
453,4,12,2019,4,68
454,6,10,2019,10,64
455,1,1,2019,9,73
456,4,5,2019,3,69
457,1,1,2019,12,74
458,9,14,2019,4,65
459,2,2,2019,6,63
460,1,1,2019,11,63
461,3,8,2019,10,61
462,3,10,2019,5,62
463,2,15,2019,1,67
464,5,20,2019,7,65
465,2,16,2019,10,63
466,10,37,2019,5,64
467,1,1,2019,6,62
468,17,18,2019,11,72
469,1,1,2019,3,77
470,2,2,2019,1,64
471,9,9,2019,11,66
472,1,1,2019,3,64
473,15,15,2019,8,66
474,1,1,2019,7,65
475,4,17,2019,9,61
476,14,20,2019,7,65
477,2,2,2019,4,69
478,14,15,2019,11,68
479,7,12,2019,5,67
480,3,13,2019,4,67
481,2,4,2019,5,69
482,11,14,2019,8,67
483,4,11,2019,4,62
484,1,1,2019,6,66
485,9,14,2019,8,67
486,1,11,2019,6,65
487,1,1,2019,12,69
488,4,17,2019,4,64
489,1,1,2019,5,66
490,1,1,2019,5,66
491,3,10,2019,6,64
492,13,13,2019,4,70
493,1,1,2019,10,68
494,6,15,2019,10,62
495,10,12,2019,11,63
496,17,21,2019,8,62
497,7,20,2019,7,64
498,6,17,2019,4,63
499,5,9,2019,10,59
500,1,1,2019,5,62
501,8,15,2019,7,69
502,2,18,2019,5,63
503,19,19,2019,2,62
504,3,14,2019,8,63
505,4,6,2019,11,63
506,3,14,2019,3,68
507,4,4,2019,11,69
508,1,5,2019,8,66
509,23,26,2019,10,67
510,1,1,2019,6,63
511,10,12,2019,11,64
512,2,9,2019,7,63
513,3,16,2019,10,63
514,1,1,2019,6,60
515,1,1,2019,5,63
516,1,1,2019,12,75
517,1,1,2019,6,62
518,1,1,2019,1,64
519,9,10,2019,10,62
520,17,20,2019,7,64
521,16,16,2019,10,65
522,2,15,2019,5,63
523,3,11,2019,5,61
524,1,1,2019,4,64
525,2,18,2019,5,64
526,1,1,2019,10,71
527,2,2,2019,11,61
528,1,9,2019,4,64
529,7,15,2019,2,74
530,12,18,2019,4,60
531,9,10,2019,6,63
532,7,12,2019,6,66
533,2,13,2019,7,61
534,1,1,2019,4,61
535,13,15,2019,11,64
536,5,10,2019,8,61
537,1,1,2019,12,64
538,1,1,2019,4,65
539,1,1,2019,3,64
540,1,8,2019,6,66
541,7,12,2019,4,67
542,1,1,2019,10,64
543,1,12,2019,3,63
544,17,21,2019,9,64
545,1,1,2019,6,64
546,5,12,2019,6,65
547,2,4,2019,3,69
548,17,20,2019,1,64
549,1,1,2019,5,69
550,16,20,2019,7,63
551,1,1,2019,8,67
552,6,16,2019,1,59
553,2,10,2019,5,63
554,1,1,2019,10,64
555,1,1,2019,10,60
556,1,1,2019,2,67
557,1,1,2019,3,64
558,2,13,2019,9,59
559,7,15,2019,7,67
560,1,1,2019,11,67
561,17,17,2019,4,65
562,1,1,2019,9,68
563,5,7,2019,9,65
564,6,37,2019,5,65
565,1,1,2019,10,62
566,2,17,2019,8,63
567,2,17,2019,4,63
568,1,1,2019,3,63
569,2,2,2019,3,63
570,1,1,2019,3,62
571,1,1,2019,7,62
572,6,7,2019,10,62
573,4,10,2019,4,69
574,3,5,2019,6,67
575,8,25,2019,11,67
576,1,1,2019,11,63
577,2,14,2019,4,67
578,3,14,2019,7,64
579,3,17,2019,8,69
580,2,5,2019,6,64
581,18,18,2019,11,63
582,1,6,2019,5,65
583,1,1,2019,10,62
584,2,12,2019,9,61
585,1,2,2019,2,70
586,6,7,2019,10,67
587,1,13,2019,9,59
588,13,13,2019,11,65
589,1,1,2019,2,68
590,1,1,2019,4,66
591,1,1,2019,5,64
592,1,1,2019,9,76
593,11,16,2019,9,59
594,17,23,2019,8,66
595,8,13,2019,7,61
596,1,1,2019,8,67
597,2,7,2019,3,70
598,1,2,2019,3,70
599,1,3,2019,10,64
600,1,11,2019,8,62
601,1,1,2019,10,64
602,7,10,2019,6,63
603,9,12,2019,4,74
604,1,1,2019,1,65
605,1,1,2019,9,73
606,1,1,2019,5,68
607,1,1,2019,1,76
608,4,12,2019,4,58
609,1,1,2019,8,74
610,1,11,2019,3,61
611,6,14,2019,8,62
612,1,5,2019,1,62
613,7,13,2019,3,62
614,6,10,2019,1,65
615,2,3,2019,8,62
616,1,10,2019,4,62
617,10,12,2019,3,63
618,9,16,2019,10,67
619,1,1,2019,7,61
620,1,13,2019,5,61
621,10,10,2019,3,64
622,1,1,2019,4,69
623,3,10,2019,9,63
624,4,14,2019,6,63
625,1,1,2019,6,64
626,1,1,2019,6,61
627,4,18,2019,5,65
628,1,1,2019,2,62
629,2,12,2019,4,60
630,12,13,2019,7,61
631,1,1,2019,12,63
632,1,1,2019,10,63
633,8,9,2019,12,62
634,1,1,2019,8,63
635,1,9,2019,10,58
636,6,12,2019,4,65
637,9,17,2019,4,62
638,5,17,2019,9,59
639,7,14,2019,7,62
640,2,6,2019,8,76
641,11,12,2019,1,60
642,8,9,2019,10,60
643,1,1,2019,6,62
644,6,8,2019,11,62
645,1,1,2019,2,63
646,2,7,2019,1,61
647,15,16,2019,10,68
648,22,26,2019,10,66
649,2,10,2019,12,67
650,7,8,2019,6,64
651,1,1,2019,11,63
652,2,13,2019,8,66
653,2,7,2019,4,61
654,1,1,2019,7,69
655,12,14,2019,6,66
656,13,14,2019,10,61
657,2,12,2019,5,66
658,1,8,2019,3,62
659,2,4,2019,6,61
660,1,1,2019,11,62
661,1,1,2019,9,68
662,2,2,2019,12,66
663,1,1,2019,11,62
664,12,14,2019,4,63
665,12,12,2019,5,73
666,1,1,2019,10,59
667,7,16,2019,10,65
668,19,27,2019,7,68
669,1,7,2019,10,68
670,1,16,2019,10,68
671,1,1,2019,7,62
672,2,5,2019,4,61
673,14,32,2019,6,66
674,2,9,2019,10,58
675,4,11,2019,6,64
676,3,10,2019,6,68
677,2,13,2019,5,62
678,1,11,2019,9,62
679,9,14,2019,3,59
680,1,1,2019,11,59
681,9,15,2019,9,63
682,1,12,2019,8,65
683,2,12,2019,6,70
684,1,14,2019,10,70
685,1,15,2019,2,62
686,1,10,2019,3,64
687,1,10,2019,1,62
688,1,5,2019,7,61
689,5,20,2019,1,62
690,4,11,2019,8,60
691,15,20,2019,7,63
692,1,7,2019,4,68
693,8,8,2019,7,60
694,2,16,2019,11,59
695,3,12,2019,3,59
696,1,1,2019,5,56
697,1,1,2019,11,64
698,1,10,2019,5,70
699,2,13,2019,10,61
700,1,1,2019,7,57
701,2,12,2019,2,60
702,3,15,2019,12,67
703,1,6,2019,7,69
704,1,2,2019,11,61
705,2,7,2019,7,62
706,2,3,2019,3,68
707,3,6,2019,1,64
708,3,7,2019,5,64
709,2,8,2019,4,66
710,8,13,2019,11,62
711,2,8,2019,5,62
712,1,3,2019,1,59
713,16,19,2019,7,74
714,1,1,2019,6,64
715,4,14,2019,10,61
716,4,6,2019,6,66
717,11,11,2019,6,66
718,5,5,2019,4,63
719,1,13,2019,9,57
720,3,12,2019,7,63
721,1,1,2019,9,65
722,15,16,2019,2,63
723,1,1,2019,5,64
724,1,5,2019,7,69
725,1,1,2019,11,61
726,9,13,2019,6,71
727,1,1,2019,12,59
728,1,1,2019,6,67
729,15,17,2019,8,62
730,2,2,2019,1,59
731,3,9,2019,2,59
732,1,1,2019,1,63
733,1,1,2019,4,58
734,1,1,2019,3,56
735,1,1,2019,11,63
736,2,12,2019,12,66
737,5,14,2019,3,58
738,1,1,2019,4,65
739,1,1,2019,5,72
740,1,1,2019,11,60
741,1,1,2019,2,69
742,1,1,2019,10,61
743,1,1,2019,6,72
744,3,4,2019,7,64
745,1,1,2019,4,61
746,2,3,2019,8,69
747,1,1,2019,11,69
748,5,14,2019,8,63
749,4,15,2019,7,70
750,1,1,2019,11,61
751,1,1,2019,3,66
752,1,10,2019,2,62
753,1,1,2019,5,62
754,1,1,2019,4,67
755,4,9,2019,10,57
756,9,13,2019,10,67
757,5,12,2019,4,57
758,2,11,2019,5,59
759,1,1,2019,5,58
760,3,13,2019,2,63
761,1,1,2019,8,64
762,8,12,2019,4,65
763,1,2,2019,4,67
764,1,1,2019,7,62
765,2,14,2019,10,70
766,9,12,2019,2,59
767,4,13,2019,8,64
768,1,1,2019,7,60
769,1,1,2019,10,64
770,1,1,2019,7,61
771,7,11,2019,8,60
772,1,1,2019,11,61
773,1,1,2019,10,60
774,1,1,2019,11,62
775,1,1,2019,1,67
776,1,1,2019,12,61
777,6,14,2019,12,67
778,1,16,2019,5,61
779,21,23,2019,8,67
780,1,1,2019,6,62
781,14,14,2019,12,65
782,1,4,2019,7,59
783,1,1,2019,8,58
784,2,12,2019,4,56
785,1,1,2019,4,67
786,11,13,2019,5,59
787,1,1,2019,10,63
788,4,14,2019,3,57
789,1,1,2019,1,69
790,13,14,2019,6,60
791,3,10,2019,11,70
792,3,15,2019,11,59
793,3,11,2019,11,73
794,1,32,2019,6,62
795,1,3,2019,6,62
796,1,9,2019,6,62
797,1,2,2019,7,61
798,1,14,2019,12,66
799,1,1,2019,5,59
800,23,32,2019,6,64
801,1,20,2019,12,67
802,16,17,2019,10,70
803,2,13,2019,9,64
804,1,11,2019,10,61
805,6,17,2019,10,68
806,3,4,2019,5,61
807,1,1,2019,4,63
808,8,17,2019,4,60
809,1,2,2019,5,61
810,5,15,2019,7,67
811,1,1,2019,4,65
812,2,2,2019,6,67
813,1,9,2019,10,59
814,7,15,2019,11,61
815,1,5,2019,1,64
816,12,14,2019,8,61
817,3,6,2019,11,70
818,10,10,2019,6,61
819,7,11,2019,6,81
820,1,1,2019,5,71
821,1,1,2019,6,63
822,6,6,2019,1,62
823,1,12,2019,5,73
824,1,1,2019,10,59
825,1,10,2019,11,66
826,1,1,2019,5,58
827,12,17,2019,4,60
828,6,15,2019,11,61
829,3,17,2019,10,68
830,1,1,2019,6,59
831,1,1,2019,4,67
832,1,1,2019,8,72
833,14,16,2020,8,90
834,8,10,2020,3,90
835,9,14,2020,3,93
836,14,18,2020,8,94
837,1,1,2020,12,86
838,10,12,2020,3,89
839,7,13,2020,12,87
840,1,1,2020,4,88
841,1,1,2020,6,90
842,11,14,2020,3,90
843,12,13,2020,3,89
844,11,15,2020,9,84
845,6,8,2020,3,86
846,1,12,2020,8,85
847,12,12,2020,3,86
848,12,14,2020,10,88
849,1,1,2020,10,84
850,3,12,2020,3,84
851,2,14,2020,10,85
852,4,12,2020,3,82
853,1,1,2020,8,84
854,12,14,2020,12,84
855,8,8,2020,11,89
856,1,1,2020,4,81
857,7,13,2020,3,82
858,1,1,2020,9,80
859,9,9,2020,2,81
860,2,13,2020,5,81
861,3,12,2020,5,76
862,4,21,2020,9,80
863,1,1,2020,11,82
864,5,11,2020,3,86
865,3,5,2020,1,82
866,1,1,2020,5,85
867,1,13,2020,6,78
868,5,16,2020,11,80
869,4,13,2020,1,83
870,14,14,2020,10,81
871,1,1,2020,1,83
872,10,10,2020,3,84
873,2,2,2020,6,82
874,2,15,2020,12,80
875,3,14,2020,10,82
876,7,8,2020,3,79
877,1,1,2020,1,90
878,3,14,2020,5,81
879,7,13,2020,6,76
880,5,25,2020,10,80
881,2,16,2020,7,81
882,2,10,2020,2,77
883,1,1,2020,9,88
884,3,16,2020,9,84
885,7,14,2020,3,79
886,8,16,2020,7,80
887,1,1,2020,11,80
888,5,15,2020,9,78
889,1,1,2020,7,86
890,1,1,2020,9,75
891,2,11,2020,3,84
892,1,1,2020,2,73
893,1,15,2020,12,82
894,1,1,2020,9,77
895,1,15,2020,12,79
896,1,1,2020,10,76
897,16,16,2020,9,83
898,1,1,2020,11,80
899,1,1,2020,8,77
900,1,1,2020,1,81
901,5,19,2020,8,77
902,8,17,2020,11,77
903,7,16,2020,4,77
904,4,15,2020,9,78
905,10,14,2020,3,83
906,1,1,2020,10,76
907,2,2,2020,7,75
908,5,20,2020,3,74
909,1,16,2020,7,77
910,1,1,2020,5,80
911,4,16,2020,1,77
912,1,1,2020,7,79
913,1,12,2020,1,75
914,1,1,2020,12,73
915,1,1,2020,11,81
916,1,1,2020,9,80
917,7,15,2020,4,76
918,14,14,2020,11,72
919,1,16,2020,9,83
920,13,14,2020,3,79
921,6,9,2020,6,76
922,1,1,2020,12,77
923,1,4,2020,5,74
924,6,14,2020,7,74
925,4,10,2020,2,75
926,1,1,2020,7,83
927,11,14,2020,10,78
928,1,1,2020,10,84
929,1,1,2020,5,79
930,9,9,2020,10,76
931,1,1,2020,1,75
932,9,16,2020,1,79
933,3,13,2020,2,72
934,7,10,2020,2,73
935,1,1,2020,1,75
936,4,5,2020,7,77
937,2,11,2020,9,76
938,19,19,2020,7,73
939,2,14,2020,3,77
940,9,11,2020,3,81
941,1,1,2020,3,80
942,5,16,2020,6,75
943,3,6,2020,10,74
944,14,21,2020,3,79
945,1,8,2020,11,83
946,1,1,2020,1,73
947,4,14,2020,2,72
948,1,1,2020,2,77
949,2,2,2020,10,75
950,4,17,2020,2,78
951,5,16,2020,7,75
952,1,1,2020,5,74
953,1,1,2020,6,81
954,1,1,2020,4,76
955,10,10,2020,10,78
956,1,1,2020,7,77
957,1,1,2020,9,77
958,1,1,2020,5,77
959,11,12,2020,4,71
960,2,3,2020,2,69
961,4,16,2020,5,78
962,10,15,2020,4,71
963,1,1,2020,10,80
964,5,14,2020,10,73
965,1,1,2020,10,72
966,3,11,2020,6,73
967,11,11,2020,6,75
968,3,18,2020,3,74
969,6,10,2020,10,73
970,2,7,2020,9,73
971,2,15,2020,11,75
972,1,1,2020,9,78
973,4,7,2020,9,73
974,3,15,2020,11,79
975,8,20,2020,2,81
976,2,15,2020,5,71
977,1,1,2020,10,77
978,1,1,2020,7,75
979,1,1,2020,12,73
980,1,1,2020,11,74
981,1,1,2020,12,82
982,1,1,2020,2,77
983,1,2,2020,7,75
984,1,1,2020,7,73
985,1,1,2020,2,80
986,1,1,2020,6,72
987,1,1,2020,9,74
988,17,21,2020,5,76
989,1,1,2020,3,73
990,4,10,2020,7,73
991,1,1,2020,6,74
992,6,8,2020,3,71
993,1,1,2020,5,73
994,3,12,2020,3,72
995,11,12,2020,4,71
996,11,16,2020,7,73
997,2,12,2020,7,70
998,14,16,2020,7,73
999,3,9,2020,3,72
1000,9,16,2020,7,74
1001,1,9,2020,4,78
1002,1,1,2020,9,69
1003,2,9,2020,3,75
1004,1,1,2020,8,70
1005,1,1,2020,11,79
1006,1,13,2020,10,79
1007,1,1,2020,4,72
1008,4,8,2020,5,73
1009,1,1,2020,5,75
1010,5,12,2020,4,70
1011,1,1,2020,7,71
1012,1,1,2020,11,73
1013,8,19,2020,8,74
1014,6,16,2020,7,73
1015,1,1,2020,1,75
1016,3,12,2020,8,72
1017,10,16,2020,7,73
1018,1,1,2020,9,75
1019,3,15,2020,9,73
1020,2,12,2020,8,71
1021,1,1,2020,9,80
1022,10,15,2020,3,75
1023,3,16,2020,7,73
1024,2,18,2020,5,76
1025,4,15,2020,11,78
1026,7,20,2020,2,78
1027,1,1,2020,2,70
1028,5,7,2020,6,73
1029,1,7,2020,6,72
1030,2,12,2020,3,74
1031,13,21,2020,3,78
1032,5,8,2020,10,76
1033,2,14,2020,12,75
1034,1,1,2020,9,78
1035,8,13,2020,3,74
1036,1,12,2020,3,71
1037,9,13,2020,3,69
1038,4,8,2020,3,70
1039,2,7,2020,12,69
1040,12,41,2020,1,76
1041,1,1,2020,8,73
1042,1,1,2020,8,76
1043,1,1,2020,7,73
1044,1,7,2020,9,70
1045,2,5,2020,10,76
1046,4,13,2020,6,71
1047,3,15,2020,12,72
1048,1,1,2020,7,76
1049,4,11,2020,3,78
1050,11,20,2020,2,78
1051,4,12,2020,7,70
1052,3,16,2020,1,72
1053,1,2,2020,12,72
1054,4,14,2020,10,72
1055,3,11,2020,6,71
1056,2,11,2020,6,71
1057,1,1,2020,12,69
1058,9,14,2020,10,71
1059,6,8,2020,3,71
1060,12,12,2020,3,72
1061,2,14,2020,6,77
1062,1,1,2020,2,72
1063,2,12,2020,4,68
1064,2,9,2020,6,70
1065,7,16,2020,7,72
1066,1,1,2020,6,73
1067,5,12,2020,7,68
1068,1,1,2020,9,71
1069,3,9,2020,10,71
1070,1,1,2020,10,69
1071,1,1,2020,3,71
1072,2,16,2020,8,69
1073,8,11,2020,6,70
1074,5,7,2020,7,74
1075,1,1,2020,10,67
1076,7,11,2020,6,70
1077,1,2,2020,11,75
1078,1,1,2020,12,68
1079,1,1,2020,3,70
1080,8,11,2020,3,79
1081,13,21,2020,5,70
1082,1,7,2020,3,74
1083,5,20,2020,9,79
1084,3,16,2020,5,75
1085,1,10,2020,5,68
1086,1,1,2020,10,70
1087,2,10,2020,6,74
1088,7,17,2020,5,69
1089,4,11,2020,9,72
1090,1,1,2020,4,68
1091,1,14,2020,5,72
1092,1,1,2020,5,74
1093,8,10,2020,10,70
1094,10,11,2020,6,70
1095,4,15,2020,11,81
1096,9,14,2020,7,69
1097,1,1,2020,4,73
1098,1,1,2020,5,74
1099,10,13,2020,8,71
1100,1,1,2020,2,73
1101,1,1,2020,7,69
1102,7,14,2020,10,71
1103,2,14,2020,12,74
1104,1,2,2020,11,68
1105,1,1,2020,10,68
1106,10,15,2020,12,70
1107,1,1,2020,5,71
1108,9,9,2020,6,68
1109,15,15,2020,12,69
1110,3,5,2020,11,75
1111,17,18,2020,9,73
1112,9,20,2020,2,77
1113,3,10,2020,2,69
1114,9,20,2020,9,81
1115,9,12,2020,4,69
1116,5,5,2020,6,68
1117,13,13,2020,6,68
1118,5,17,2020,10,76
1119,1,3,2020,9,68
1120,1,1,2020,4,69
1121,1,1,2020,11,76
1122,1,1,2020,10,76
1123,3,8,2020,11,77
1124,5,12,2020,1,67
1125,1,11,2020,3,69
1126,1,1,2020,8,71
1127,1,1,2020,10,77
1128,6,12,2020,3,69
1129,3,8,2020,10,74
1130,2,21,2020,3,75
1131,1,1,2020,10,78
1132,11,13,2020,4,76
1133,11,11,2020,6,69
1134,8,18,2020,9,76
1135,2,7,2020,6,70
1136,1,7,2020,3,78
1137,13,26,2020,11,78
1138,1,1,2020,11,78
1139,3,14,2020,3,67
1140,3,6,2020,10,73
1141,1,1,2020,1,71
1142,6,15,2020,12,71
1143,1,7,2020,10,68
1144,1,7,2020,8,73
1145,1,1,2020,1,70
1146,6,14,2020,3,71
1147,1,1,2020,7,71
1148,1,1,2020,12,75
1149,1,15,2020,12,73
1150,1,1,2020,4,67
1151,1,1,2020,12,72
1152,5,8,2020,11,76
1153,1,1,2020,9,69
1154,1,1,2020,4,71
1155,7,15,2020,11,75
1156,7,9,2020,10,69
1157,2,12,2020,7,67
1158,1,1,2020,11,73
1159,5,11,2020,3,67
1160,1,8,2020,3,67
1161,1,1,2020,2,70
1162,8,14,2020,3,71
1163,4,6,2020,7,79
1164,3,7,2020,9,70
1165,1,1,2020,12,76
1166,1,1,2020,9,77
1167,1,1,2020,4,72
1168,1,6,2020,11,75
1169,2,17,2020,9,76
1170,1,1,2020,4,64
1171,3,14,2020,3,71
1172,12,16,2020,7,70
1173,6,13,2020,8,69
1174,1,1,2020,2,74
1175,5,10,2020,10,69
1176,2,2,2020,2,70
1177,2,6,2020,11,76
1178,1,1,2020,2,67
1179,7,21,2020,3,73
1180,1,1,2020,10,74
1181,6,8,2020,11,74
1182,16,21,2020,9,70
1183,4,13,2020,3,72
1184,7,14,2020,3,72
1185,1,1,2020,8,78
1186,8,16,2020,11,76
1187,1,1,2020,2,73
1188,4,5,2020,6,69
1189,5,14,2020,3,70
1190,15,16,2020,7,69
1191,5,5,2020,5,71
1192,16,17,2020,11,68
1193,1,1,2020,5,64
1194,1,1,2020,7,69
1195,4,15,2020,12,69
1196,10,21,2020,3,74
1197,13,15,2020,9,69
1198,1,1,2020,5,70
1199,6,18,2020,9,71
1200,6,16,2020,8,66
1201,1,1,2020,9,66
1202,13,18,2020,9,70
1203,2,8,2020,9,68
1204,12,13,2020,8,68
1205,1,1,2020,6,71
1206,15,18,2020,3,68
1207,1,1,2020,8,72
1208,5,19,2020,7,70
1209,6,10,2020,2,69
1210,26,29,2020,7,67
1211,10,21,2020,11,66
1212,1,1,2020,10,73
1213,1,2,2020,9,71
1214,1,18,2020,9,71
1215,4,12,2020,10,68
1216,1,2,2020,10,64
1217,6,12,2020,9,71
1218,9,12,2020,7,66
1219,1,1,2020,7,70
1220,2,15,2020,9,69
1221,6,9,2020,8,72
1222,1,1,2020,2,69
1223,1,1,2020,2,63
1224,4,12,2020,7,65
1225,1,14,2020,3,70
1226,2,13,2020,12,67
1227,6,10,2020,5,69
1228,2,11,2020,4,65
1229,1,7,2020,4,66
1230,7,15,2020,12,68
1231,1,1,2020,10,70
1232,1,2,2020,6,69
1233,14,23,2020,6,66
1234,4,5,2020,3,72
1235,1,1,2020,5,69
1236,1,1,2020,2,67
1237,1,1,2020,6,71
1238,6,15,2020,9,68
1239,7,17,2020,2,71
1240,3,7,2020,6,68
1241,2,14,2020,3,70
1242,14,20,2020,2,74
1243,4,14,2020,6,65
1244,8,8,2020,3,65
1245,1,1,2020,5,76
1246,6,14,2020,3,65
1247,10,18,2020,5,72
1248,11,14,2020,7,65
1249,7,18,2020,9,71
1250,3,8,2020,5,69
1251,1,1,2020,12,68
1252,2,12,2020,3,68
1253,2,4,2020,7,63
1254,14,16,2020,9,75
1255,12,20,2020,2,73
1256,9,12,2020,3,66
1257,1,1,2020,12,68
1258,1,1,2020,4,67
1259,1,1,2020,9,75
1260,1,1,2020,7,69
1261,6,10,2020,4,77
1262,1,4,2020,8,70
1263,1,1,2020,9,72
1264,1,1,2020,9,72
1265,18,20,2020,2,75
1266,1,1,2020,8,73
1267,13,13,2020,11,74
1268,9,14,2020,12,74
1269,10,12,2020,8,76
1270,2,8,2020,10,71
1271,4,14,2020,3,69
1272,3,20,2020,3,65
1273,1,1,2020,12,66
1274,1,1,2020,6,68
1275,1,1,2020,9,65
1276,1,1,2020,5,65
1277,1,1,2020,9,66
1278,2,6,2020,6,75
1279,11,18,2020,9,69
1280,1,1,2020,11,66
1281,15,20,2020,2,75
1282,1,1,2020,9,70
1283,5,14,2020,10,68
1284,11,15,2020,12,68
1285,1,2,2020,4,69
1286,2,20,2020,3,65
1287,14,14,2020,5,69
1288,3,7,2020,7,66
1289,25,25,2020,10,71
1290,15,16,2020,9,75
1291,4,11,2020,6,67
1292,1,15,2020,8,68
1293,5,12,2020,3,67
1294,1,1,2020,1,73
1295,7,8,2020,11,74
1296,1,1,2020,10,66
1297,1,1,2020,3,76
1298,1,1,2020,4,67
1299,12,13,2020,7,75
1300,1,1,2020,6,70
1301,1,1,2020,3,69
1302,12,15,2020,12,68
1303,2,8,2020,11,74
1304,2,3,2020,5,66
1305,1,1,2020,5,69
1306,8,18,2020,9,72
1307,3,16,2020,4,67
1308,16,20,2020,2,74
1309,10,20,2020,2,73
1310,1,1,2020,1,69
1311,1,1,2020,6,71
1312,1,1,2020,1,73
1313,2,7,2020,8,71
1314,5,12,2020,5,66
1315,2,14,2020,7,65
1316,1,1,2020,6,67
1317,15,15,2020,9,67
1318,17,18,2020,10,66
1319,4,7,2020,2,66
1320,7,11,2020,3,73
1321,8,9,2020,6,66
1322,1,1,2020,1,68
1323,16,17,2020,4,69
1324,1,1,2020,6,64
1325,6,18,2020,9,68
1326,1,1,2020,4,76
1327,1,1,2020,2,76
1328,15,17,2020,4,69
1329,1,1,2020,5,64
1330,1,1,2020,11,63
1331,2,17,2020,8,68
1332,1,17,2020,10,72
1333,2,13,2020,4,66
1334,5,10,2020,12,63
1335,2,11,2020,8,66
1336,2,8,2020,3,65
1337,1,1,2020,1,64
1338,1,1,2020,5,69
1339,5,6,2020,5,67
1340,1,1,2020,9,69
1341,3,13,2020,11,75
1342,1,24,2020,11,66
1343,5,10,2020,2,65
1344,7,8,2020,10,71
1345,8,8,2020,3,65
1346,5,5,2020,5,63
1347,1,1,2020,9,71
1348,10,16,2020,8,64
1349,1,5,2020,5,71
1350,1,17,2020,8,67
1351,6,13,2020,6,66
1352,1,1,2020,2,71
1353,4,7,2020,6,67
1354,13,15,2020,11,68
1355,1,1,2020,5,67
1356,4,7,2020,12,63
1357,1,1,2020,8,70
1358,20,21,2020,9,66
1359,8,13,2020,3,63
1360,1,1,2020,7,65
1361,5,15,2020,3,70
1362,1,1,2020,1,64
1363,2,17,2020,10,73
1364,5,17,2020,2,73
1365,6,8,2020,3,65
1366,1,1,2020,9,64
1367,1,9,2020,8,69
1368,15,15,2020,3,76
1369,1,1,2020,9,69
1370,3,16,2020,12,64
1371,1,1,2020,6,70
1372,1,4,2020,9,72
1373,1,16,2020,8,65
1374,2,12,2020,2,65
1375,9,15,2020,12,67
1376,8,16,2020,11,65
1377,10,10,2020,10,65
1378,1,1,2020,3,66
1379,1,1,2020,10,79
1380,7,16,2020,8,64
1381,5,12,2020,11,75
1382,4,5,2020,11,72
1383,1,1,2020,7,77
1384,1,16,2020,11,74
1385,10,15,2020,9,66
1386,16,21,2020,3,70
1387,6,14,2020,8,66
1388,5,17,2020,8,67
1389,1,1,2020,11,63
1390,1,1,2020,11,68
1391,14,15,2020,11,70
1392,13,15,2020,9,67
1393,8,17,2020,8,67
1394,1,1,2020,6,63
1395,1,1,2020,10,70
1396,2,4,2020,4,64
1397,1,1,2020,9,67
1398,1,1,2020,12,66
1399,11,12,2020,5,65
1400,2,18,2020,8,64
1401,1,6,2020,7,71
1402,1,1,2020,11,76
1403,1,1,2020,3,66
1404,1,1,2020,2,63
1405,15,18,2020,9,65
1406,1,11,2020,11,72
1407,16,16,2020,8,64
1408,13,18,2020,3,66
1409,2,13,2020,4,64
1410,8,12,2020,8,64
1411,1,7,2020,6,72
1412,1,6,2020,10,69
1413,1,1,2020,11,65
1414,13,15,2020,12,66
1415,7,10,2020,10,64
1416,4,17,2020,8,67
1417,6,6,2020,10,70
1418,1,1,2020,1,71
1419,1,2,2020,7,66
1420,5,18,2020,12,71
1421,1,1,2020,10,64
1422,7,12,2020,3,65
1423,8,9,2020,7,67
1424,3,17,2020,2,69
1425,12,14,2020,5,65
1426,1,1,2020,5,62
1427,6,8,2020,10,70
1428,17,21,2020,9,65
1429,2,10,2020,2,63
1430,3,11,2020,9,63
1431,1,10,2020,5,67
1432,1,1,2020,11,73
1433,1,1,2020,10,65
1434,1,1,2020,5,67
1435,1,1,2020,9,78
1436,1,1,2020,12,67
1437,1,1,2020,11,73
1438,1,3,2020,4,66
1439,9,11,2020,6,64
1440,2,14,2020,10,66
1441,11,12,2020,3,70
1442,4,21,2020,5,67
1443,2,18,2020,9,68
1444,1,15,2020,12,69
1445,2,15,2020,11,64
1446,6,16,2020,4,65
1447,1,1,2020,3,70
1448,1,1,2020,6,74
1449,4,16,2020,8,63
1450,6,14,2020,2,62
1451,9,13,2020,5,68
1452,1,1,2020,8,68
1453,1,1,2020,8,77
1454,1,5,2020,3,70
1455,17,18,2020,9,67
1456,8,14,2020,10,66
1457,1,1,2020,11,64
1458,1,9,2020,8,64
1459,14,14,2020,2,62
1460,3,10,2020,5,68
1461,3,12,2020,4,62
1462,1,1,2020,4,65
1463,1,1,2020,9,63
1464,6,12,2020,2,61
1465,4,14,2020,5,67
1466,3,13,2020,3,62
1467,1,2,2020,10,64
1468,2,2,2020,4,65
1469,13,14,2020,7,63
1470,3,6,2020,5,67
1471,1,1,2020,5,67
1472,1,13,2020,10,60
1473,12,15,2020,9,65
1474,1,1,2020,11,75
1475,1,1,2020,5,67
1476,1,15,2020,11,68
1477,12,14,2020,6,61
1478,1,14,2020,7,64
1479,12,14,2020,3,67
1480,5,6,2020,10,66
1481,1,4,2020,8,65
1482,2,4,2020,2,72
1483,3,6,2020,7,66
1484,1,1,2020,8,69
1485,1,1,2020,7,63
1486,3,13,2020,3,68
1487,1,2,2020,11,69
1488,10,17,2020,8,66
1489,12,16,2020,11,72
1490,1,5,2020,7,72
1491,1,1,2020,7,74
1492,4,12,2020,5,67
1493,1,1,2020,4,72
1494,1,1,2020,12,70
1495,1,2,2020,10,76
1496,2,14,2020,1,67
1497,1,1,2020,9,64
1498,1,1,2020,1,68
1499,1,1,2020,7,65
1500,1,1,2020,4,70
1501,13,14,2020,10,65
1502,2,27,2020,1,63
1503,3,9,2020,10,63
1504,1,1,2020,5,78
1505,9,21,2020,5,74
1506,1,1,2020,5,68
1507,1,14,2020,10,63
1508,13,14,2020,11,72
1509,6,17,2020,8,66
1510,2,13,2020,7,74
1511,1,1,2020,11,66
1512,1,1,2020,6,65
1513,1,1,2020,6,73
1514,1,1,2020,2,62
1515,1,1,2020,5,65
1516,1,1,2020,10,60
1517,2,6,2020,5,70
1518,4,12,2020,3,63
1519,1,1,2020,2,66
1520,1,1,2020,5,67
1521,8,18,2020,9,64
1522,15,18,2020,9,67
1523,1,1,2020,5,66
1524,2,13,2020,3,68
1525,6,11,2020,3,69
1526,15,17,2020,11,64
1527,6,11,2020,6,64
1528,2,13,2020,6,64
1529,9,10,2020,5,66
1530,3,12,2020,10,75
1531,9,17,2020,8,66
1532,1,1,2020,4,68
1533,3,17,2020,8,65
1534,1,1,2020,12,68
1535,4,10,2020,11,63
1536,1,1,2020,2,68
1537,1,1,2020,4,65
1538,1,1,2020,7,69
1539,4,11,2020,10,67
1540,7,9,2020,10,63
1541,1,1,2020,2,66
1542,3,11,2020,11,68
1543,1,1,2020,6,63
1544,1,1,2020,3,71
1545,1,13,2020,1,68
1546,5,15,2020,5,63
1547,1,1,2020,8,65
1548,1,14,2020,7,63
1549,19,20,2020,2,73
1550,3,4,2020,4,62
1551,4,6,2020,6,67
1552,1,1,2020,2,61
1553,10,12,2020,8,66
1554,6,12,2020,3,64
1555,1,18,2020,8,63
1556,2,16,2020,12,61
1557,1,1,2020,11,66
1558,1,1,2020,5,61
1559,1,1,2020,12,65
1560,6,14,2020,5,65
1561,5,13,2020,2,61
1562,12,16,2020,12,61
1563,11,14,2020,12,64
1564,2,10,2020,7,63
1565,10,17,2020,8,65
1566,1,1,2020,7,75
1567,11,17,2020,8,65
1568,1,1,2020,6,64
1569,1,5,2020,1,68
1570,1,1,2020,3,67
1571,2,4,2020,10,64
1572,1,5,2020,5,68
1573,1,1,2020,11,64
1574,1,1,2020,10,63
1575,6,8,2020,11,65
1576,6,17,2020,9,61
1577,1,1,2020,1,72
1578,5,20,2020,6,71
1579,1,3,2020,2,60
1580,1,1,2020,5,64
1581,2,14,2020,8,64
1582,1,1,2020,5,62
1583,2,16,2020,9,68
1584,13,13,2020,10,67
1585,1,1,2020,4,62
1586,7,17,2020,8,65
1587,1,1,2020,2,64
1588,1,1,2020,2,68
1589,1,1,2020,8,68
1590,1,1,2020,8,68
1591,1,2,2020,5,69
1592,2,6,2020,12,71
1593,1,5,2020,4,70
1594,1,1,2020,5,75
1595,1,1,2020,4,63
1596,6,9,2020,8,63
1597,1,1,2020,2,62
1598,19,21,2020,9,64
1599,1,12,2020,7,60
1600,13,15,2020,4,61
1601,8,11,2020,6,65
1602,1,8,2020,10,63
1603,1,1,2020,9,66
1604,3,11,2020,8,61
1605,14,15,2020,12,64
1606,24,26,2020,9,63
1607,16,18,2020,9,62
1608,1,1,2020,1,71
1609,10,11,2020,11,64
1610,7,12,2020,8,63
1611,1,1,2020,9,64
1612,4,7,2020,3,59
1613,4,15,2020,4,61
1614,1,6,2020,7,73
1615,1,1,2020,10,71
1616,8,13,2020,5,62
1617,7,7,2020,9,65
1618,8,16,2020,5,69
1619,6,13,2020,12,63
1620,1,1,2020,5,72
1621,11,12,2020,3,63
1622,9,21,2020,5,64
1623,1,1,2020,9,67
1624,2,17,2020,11,61
1625,1,1,2020,6,68
1626,6,20,2020,2,70
1627,4,13,2020,4,64
1628,2,7,2020,10,65
1629,2,10,2020,1,61
1630,3,13,2020,2,62
1631,1,1,2020,10,65
1632,7,18,2020,5,66
1633,6,14,2020,10,64
1634,1,1,2020,6,68
1635,9,13,2020,3,68
1636,1,1,2020,8,67
1637,5,7,2020,7,67
1638,3,11,2020,9,64
1639,3,11,2020,3,62
1640,1,1,2020,2,62
1641,14,17,2020,8,64
1642,12,13,2020,12,65
1643,10,13,2020,12,63
1644,1,1,2020,11,77
1645,6,15,2020,11,67
1646,1,1,2020,10,70
1647,14,14,2020,10,67
1648,1,1,2020,3,68
1649,1,1,2020,4,70
1650,1,1,2020,5,71
1651,1,14,2020,10,65
1652,1,1,2020,1,63
1653,11,16,2020,9,73
1654,1,1,2020,10,66
1655,11,16,2020,11,67
1656,17,19,2020,11,68
1657,10,12,2020,5,71
1658,5,15,2020,11,66
1659,1,1,2020,3,72
1660,1,7,2020,9,60
1661,14,18,2020,9,65
1662,1,1,2020,10,69
1663,3,6,2020,11,71
1664,1,1,2020,8,75
1665,1,1,2020,9,65
1666,9,15,2020,5,61
1667,1,1,2020,10,64
1668,3,8,2020,10,60
1669,1,1,2020,12,64
1670,1,12,2020,4,63
1671,1,1,2020,6,74
1672,7,13,2020,4,65
1673,1,12,2020,10,62
1674,1,1,2020,6,71
1675,1,1,2020,3,63
1676,2,5,2020,6,60
1677,1,45,2020,2,64
1678,13,20,2020,9,74
1679,14,14,2020,3,66
1680,33,40,2020,4,68
1681,2,9,2020,2,59
1682,3,11,2020,1,62
1683,1,1,2020,1,67
1684,1,1,2020,5,64
1685,1,1,2020,8,63
1686,2,6,2020,6,67
1687,1,1,2020,3,71
1688,9,14,2020,5,73
1689,1,23,2020,2,70
1690,4,6,2020,11,70
1691,1,1,2020,10,72
1692,4,13,2020,3,62
1693,6,14,2020,10,61
1694,1,1,2020,9,68
1695,1,1,2020,11,64
1696,1,1,2020,7,62
1697,1,13,2020,4,60
1698,6,16,2020,11,72
1699,1,1,2020,3,61
1700,8,12,2020,3,63
1701,1,1,2020,7,88
1702,7,13,2020,5,61
1703,2,10,2020,6,64
1704,21,21,2020,3,67
1705,5,5,2020,2,64
1706,5,5,2020,8,71
1707,1,11,2020,6,66
1708,4,10,2020,11,66
1709,7,9,2020,11,62
1710,1,1,2020,11,60
1711,5,11,2020,6,63
1712,4,11,2020,7,63
1713,2,10,2020,5,65
1714,1,1,2020,9,71
1715,1,1,2020,10,68
1716,11,14,2020,10,64
1717,11,16,2020,6,65
1718,7,13,2020,10,62
1719,2,7,2020,12,63
1720,1,1,2020,5,70
1721,5,14,2020,12,70
1722,4,4,2020,2,62
1723,1,1,2020,5,61
1724,4,5,2020,7,68
1725,18,18,2020,9,65
1726,3,5,2020,3,68
1727,1,1,2020,6,65
1728,1,1,2020,7,62
1729,7,12,2020,7,60
1730,1,6,2020,4,60
1731,1,12,2020,8,67
1732,8,12,2020,1,70
1733,12,14,2020,12,66
1734,1,1,2020,5,78
1735,1,1,2020,5,63
1736,2,6,2020,6,69
1737,1,1,2020,1,65
1738,1,1,2020,6,75
1739,1,1,2020,6,71
1740,2,12,2020,2,70
1741,1,3,2020,1,65
1742,8,8,2020,10,67
1743,1,1,2020,2,64
1744,10,14,2020,10,63
1745,3,4,2020,6,60
1746,3,17,2020,4,62
1747,1,1,2020,9,60
1748,12,16,2020,5,64
1749,3,10,2020,9,61
1750,14,14,2020,3,66
1751,1,1,2020,11,68
1752,11,15,2020,5,61
1753,3,4,2020,4,61
1754,1,1,2020,1,61
1755,1,1,2020,7,62
1756,2,13,2020,8,59
1757,3,14,2020,7,70
1758,5,12,2020,8,61
1759,1,1,2020,1,60
1760,9,18,2020,9,64
1761,7,20,2020,3,60
1762,11,13,2020,7,71
1763,1,1,2020,10,61
1764,2,10,2020,11,66
1765,1,1,2020,8,71
1766,9,16,2020,8,61
1767,1,14,2020,9,59
1768,1,1,2020,7,69
1769,14,21,2020,12,62
1770,3,13,2020,5,60
1771,5,8,2020,5,63
1772,15,25,2020,10,63
1773,2,10,2020,1,62
1774,1,1,2020,3,64
1775,1,1,2020,5,62
1776,7,7,2020,4,61
1777,2,6,2020,7,67
1778,1,1,2020,8,61
1779,1,1,2020,4,64
1780,7,14,2020,2,60
1781,4,8,2020,10,66
1782,1,1,2020,4,67
1783,1,1,2020,3,67
1784,7,11,2020,3,69
1785,2,10,2020,7,63
1786,4,12,2020,4,62
1787,4,20,2020,10,60
1788,4,10,2020,5,65
1789,4,7,2020,8,63
1790,1,21,2020,11,58
1791,17,22,2020,11,70
1792,3,11,2020,10,62
1793,1,21,2020,8,63
1794,8,9,2020,10,61
1795,1,1,2020,5,61
1796,1,24,2020,12,62
1797,3,3,2020,8,69
1798,13,18,2020,9,64
1799,5,12,2020,8,61
1800,9,14,2020,5,64
1801,2,11,2020,11,62
1802,17,17,2020,4,64
1803,1,1,2020,2,66
1804,1,1,2020,9,64
1805,2,11,2020,6,64
1806,6,13,2020,3,65
1807,1,1,2020,8,65
1808,11,11,2020,3,62
1809,1,1,2020,3,73
1810,1,1,2020,4,63
1811,12,15,2020,5,60
1812,14,21,2020,5,62
1813,1,1,2021,8,100
1814,5,14,2021,6,93
1815,1,1,2021,7,95
1816,6,11,2021,5,95
1817,1,1,2021,10,96
1818,1,14,2021,6,95
1819,1,1,2021,12,91
1820,2,14,2021,10,95
1821,4,14,2021,10,95
1822,30,30,2021,11,91
1823,4,15,2021,9,94
1824,2,11,2021,5,92
1825,5,12,2021,11,93
1826,15,16,2021,7,92
1827,8,14,2021,6,89
1828,1,1,2021,4,90
1829,7,21,2021,9,88
1830,3,11,2021,5,92
1831,5,11,2021,5,90
1832,1,3,2021,11,87
1833,5,8,2021,11,86
1834,11,16,2021,3,91
1835,1,1,2021,4,91
1836,2,3,2021,3,86
1837,11,14,2021,6,85
1838,1,1,2021,9,84
1839,1,1,2021,10,94
1840,6,21,2021,9,88
1841,1,1,2021,12,90
1842,12,16,2021,3,90
1843,1,15,2021,9,90
1844,14,14,2021,6,88
1845,1,2,2021,9,92
1846,3,20,2021,11,84
1847,1,1,2021,7,87
1848,1,1,2021,11,93
1849,1,1,2021,10,92
1850,8,11,2021,5,88
1851,13,13,2021,3,89
1852,1,1,2021,9,89
1853,9,11,2021,5,87
1854,2,12,2021,11,91
1855,9,44,2021,11,82
1856,3,15,2021,9,90
1857,2,14,2021,4,80
1858,1,11,2021,5,84
1859,1,1,2021,5,87
1860,2,2,2021,9,89
1861,1,1,2021,9,86
1862,1,1,2021,11,83
1863,1,1,2021,3,86
1864,6,21,2021,10,81
1865,1,1,2021,11,84
1866,1,1,2021,9,83
1867,1,14,2021,6,85
1868,1,1,2021,7,94
1869,26,30,2021,11,82
1870,11,16,2021,3,86
1871,1,1,2021,12,82
1872,1,1,2021,8,91
1873,6,12,2021,11,85
1874,1,21,2021,9,81
1875,1,5,2021,6,89
1876,1,1,2021,12,86
1877,1,1,2021,8,88
1878,1,2,2021,7,81
1879,23,30,2021,11,81
1880,3,15,2021,8,82
1881,1,1,2021,7,81
1882,10,44,2021,11,80
1883,7,11,2021,5,82
1884,25,30,2021,11,81
1885,7,12,2021,11,84
1886,1,1,2021,11,81
1887,13,13,2021,5,79
1888,11,14,2021,6,87
1889,1,17,2021,11,82
1890,1,1,2021,11,81
1891,1,1,2021,4,80
1892,1,1,2021,1,79
1893,2,30,2021,11,82
1894,5,9,2021,11,81
1895,4,19,2021,5,77
1896,1,1,2021,5,80
1897,3,12,2021,11,82
1898,5,30,2021,11,82
1899,1,1,2021,8,79
1900,1,1,2021,8,78
1901,1,4,2021,9,83
1902,1,3,2021,3,80
1903,1,1,2021,8,78
1904,1,1,2021,9,88
1905,1,1,2021,12,91
1906,4,8,2021,3,88
1907,3,23,2021,7,78
1908,1,1,2021,4,77
1909,1,1,2021,2,76
1910,1,1,2021,5,88
1911,1,1,2021,9,75
1912,6,17,2021,10,83
1913,29,30,2021,11,78
1914,1,3,2021,3,85
1915,1,2,2021,9,86
1916,1,1,2021,8,76
1917,16,17,2021,1,78
1918,12,16,2021,7,81
1919,1,1,2021,5,85
1920,11,11,2021,5,79
1921,5,14,2021,10,87
1922,1,1,2021,11,84
1923,1,1,2021,1,81
1924,11,12,2021,11,81
1925,1,1,2021,8,89
1926,1,1,2021,7,80
1927,1,1,2021,8,84
1928,1,1,2021,7,80
1929,1,1,2021,8,85
1930,2,12,2021,7,75
1931,1,1,2021,6,84
1932,1,1,2021,8,77
1933,1,1,2021,4,81
1934,1,2,2021,12,87
1935,1,1,2021,5,79
1936,1,1,2021,6,79
1937,1,1,2021,9,77
1938,7,12,2021,3,75
1939,1,1,2021,7,86
1940,3,16,2021,7,79
1941,1,1,2021,7,74
1942,1,1,2021,11,78
1943,8,12,2021,11,78
1944,1,3,2021,7,86
1945,12,17,2021,12,77
1946,28,30,2021,11,80
1947,1,3,2021,2,78
1948,6,15,2021,9,79
1949,13,16,2021,7,80
1950,8,16,2021,7,78
1951,7,16,2021,7,79
1952,4,21,2021,9,78
1953,4,12,2021,11,78
1954,6,14,2021,6,77
1955,1,1,2021,1,88
1956,1,1,2021,2,79
1957,3,10,2021,7,79
1958,6,26,2021,4,79
1959,3,4,2021,7,74
1960,1,11,2021,7,75
1961,1,1,2021,10,78
1962,3,12,2021,2,73
1963,13,19,2021,2,81
1964,8,17,2021,11,77
1965,1,1,2021,12,75
1966,15,16,2021,11,83
1967,3,16,2021,8,81
1968,8,21,2021,10,73
1969,8,21,2021,9,76
1970,2,16,2021,7,77
1971,2,6,2021,8,73
1972,4,16,2021,10,77
1973,1,1,2021,2,75
1974,9,9,2021,12,75
1975,1,30,2021,11,76
1976,8,20,2021,11,74
1977,19,21,2021,9,75
1978,22,30,2021,11,76
1979,1,1,2021,6,77
1980,1,1,2021,5,82
1981,1,1,2021,7,75
1982,16,16,2021,7,78
1983,1,1,2021,10,84
1984,1,1,2021,8,87
1985,1,12,2021,11,78
1986,1,1,2021,8,81
1987,10,12,2021,11,78
1988,21,21,2021,1,72
1989,11,11,2021,6,75
1990,1,1,2021,12,80
1991,4,30,2021,11,77
1992,1,1,2021,10,84
1993,10,10,2021,9,83
1994,7,14,2021,12,87
1995,1,1,2021,9,73
1996,9,14,2021,6,75
1997,1,1,2021,12,82
1998,6,30,2021,11,77
1999,12,12,2021,11,77
2000,1,1,2021,3,81
2001,1,1,2021,10,90
2002,2,12,2021,8,73
2003,5,19,2021,5,72
2004,2,9,2021,11,79
2005,1,1,2021,6,76
2006,1,1,2021,8,73
2007,6,15,2021,9,73
2008,1,1,2021,6,74
2009,1,1,2021,5,73
2010,1,1,2021,11,83
2011,9,16,2021,3,80
2012,4,15,2021,7,73
2013,1,1,2021,10,77
2014,9,12,2021,11,77
2015,1,1,2021,2,76
2016,1,1,2021,6,75
2017,24,30,2021,11,75
2018,1,16,2021,9,84
2019,1,1,2021,1,75
2020,8,8,2021,8,72
2021,1,1,2021,6,77
2022,1,1,2021,7,74
2023,1,11,2021,8,81
2024,10,26,2021,4,76
2025,2,14,2021,6,76
2026,1,1,2021,11,75
2027,1,1,2021,11,78
2028,6,18,2021,7,74
2029,1,2,2021,8,81
2030,1,1,2021,9,73
2031,1,1,2021,8,77
2032,1,23,2021,5,71
2033,1,1,2021,12,84
2034,3,30,2021,11,75
2035,16,19,2021,6,74
2036,5,21,2021,9,76
2037,4,11,2021,12,77
2038,1,16,2021,11,81
2039,1,1,2021,10,76
2040,8,18,2021,10,73
2041,3,9,2021,11,75
2042,1,1,2021,11,74
2043,1,2,2021,7,76
2044,8,15,2021,9,71
2045,1,4,2021,9,78
2046,1,16,2021,7,76
2047,10,16,2021,6,78
2048,10,21,2021,9,74
2049,1,1,2021,4,86
2050,1,1,2021,6,76
2051,2,21,2021,9,75
2052,1,1,2021,9,84
2053,1,3,2021,12,77
2054,1,2,2021,12,83
2055,1,1,2021,8,73
2056,1,2,2021,5,70
2057,15,23,2021,7,72
2058,3,6,2021,4,82
2059,2,20,2021,11,74
2060,1,1,2021,4,74
2061,1,1,2021,10,75
2062,2,11,2021,5,78
2063,8,30,2021,11,76
2064,2,6,2021,10,83
2065,1,2,2021,10,72
2066,3,7,2021,3,82
2067,1,1,2021,8,75
2068,1,2,2021,9,79
2069,1,4,2021,10,81
2070,1,1,2021,11,71
2071,5,9,2021,11,74
2072,1,1,2021,8,73
2073,1,1,2021,4,76
2074,1,4,2021,9,76
2075,1,1,2021,7,74
2076,4,9,2021,11,74
2077,5,11,2021,4,75
2078,14,30,2021,11,75
2079,7,13,2021,3,69
2080,1,1,2021,7,84
2081,10,30,2021,11,74
2082,2,6,2021,3,74
2083,1,1,2021,9,71
2084,1,10,2021,11,71
2085,1,4,2021,2,69
2086,1,1,2021,3,74
2087,1,1,2021,9,76
2088,1,1,2021,12,80
2089,1,10,2021,3,78
2090,9,9,2021,11,74
2091,1,2,2021,9,75
2092,2,14,2021,6,79
2093,5,14,2021,7,76
2094,3,11,2021,3,74
2095,1,1,2021,2,76
2096,1,10,2021,1,76
2097,4,14,2021,12,87
2098,1,1,2021,9,70
2099,10,11,2021,5,76
2100,1,1,2021,2,82
2101,1,1,2021,8,71
2102,1,1,2021,6,76
2103,5,16,2021,7,75
2104,1,1,2021,5,70
2105,10,12,2021,10,87
2106,1,1,2021,5,70
2107,3,3,2021,12,73
2108,1,1,2021,9,72
2109,1,8,2021,5,79
2110,1,1,2021,8,74
2111,9,30,2021,11,74
2112,1,6,2021,6,79
2113,1,1,2021,9,72
2114,7,30,2021,11,74
2115,1,1,2021,1,74
2116,13,13,2021,3,72
2117,1,1,2021,1,76
2118,1,1,2021,9,77
2119,1,1,2021,2,82
2120,3,16,2021,10,72
2121,1,1,2021,12,74
2122,9,13,2021,3,74
2123,2,8,2021,5,79
2124,1,1,2021,11,73
2125,1,1,2021,2,74
2126,2,6,2021,4,80
2127,1,2,2021,12,72
2128,3,3,2021,3,74
2129,1,1,2021,5,76
2130,18,30,2021,11,73
2131,5,14,2021,4,73
2132,2,15,2021,9,69
2133,2,14,2021,8,81
2134,11,20,2021,11,71
2135,16,30,2021,11,73
2136,3,26,2021,4,74
2137,1,1,2021,3,74
2138,10,14,2021,6,73
2139,16,20,2021,7,79
2140,18,21,2021,9,72
2141,1,1,2021,4,87
2142,11,30,2021,11,73
2143,2,10,2021,12,81
2144,1,1,2021,8,71
2145,14,16,2021,7,75
2146,1,1,2021,5,81
2147,1,1,2021,9,73
2148,9,15,2021,9,74
2149,1,1,2021,7,74
2150,1,2,2021,4,73
2151,1,1,2021,1,73
2152,6,9,2021,11,72
2153,7,14,2021,6,72
2154,3,8,2021,11,73
2155,1,1,2021,2,75
2156,15,21,2021,9,73
2157,1,1,2021,4,73
2158,1,1,2021,12,81
2159,1,1,2021,10,75
2160,1,1,2021,10,77
2161,4,16,2021,3,79
2162,1,1,2021,7,76
2163,1,6,2021,10,70
2164,6,14,2021,12,81
2165,1,1,2021,11,77
2166,7,9,2021,11,72
2167,3,14,2021,6,73
2168,1,1,2021,11,82
2169,1,1,2021,9,72
2170,15,16,2021,3,77
2171,3,17,2021,12,69
2172,1,14,2021,5,73
2173,4,16,2021,7,74
2174,1,1,2021,8,75
2175,5,23,2021,7,70
2176,1,14,2021,12,82
2177,13,16,2021,3,76
2178,1,1,2021,3,70
2179,1,1,2021,12,72
2180,9,14,2021,10,79
2181,1,3,2021,8,78
2182,5,13,2021,3,74
2183,1,11,2021,4,72
2184,1,1,2021,5,73
2185,1,1,2021,2,85
2186,10,18,2021,2,80
2187,1,1,2021,4,72
2188,3,29,2021,9,75
2189,1,1,2021,9,70
2190,6,16,2021,7,74
2191,1,1,2021,1,73
2192,1,4,2021,11,69
2193,1,1,2021,2,77
2194,12,30,2021,11,72
2195,2,19,2021,6,71
2196,4,20,2021,11,70
2197,1,1,2021,12,74
2198,1,3,2021,6,72
2199,17,30,2021,11,72
2200,6,14,2021,4,73
2201,19,20,2021,11,70
2202,13,30,2021,11,72
2203,16,21,2021,9,75
2204,1,1,2021,12,71
2205,1,1,2021,6,73
2206,6,10,2021,9,72
2207,3,5,2021,3,78
2208,1,1,2021,6,80
2209,4,18,2021,10,71
2210,4,11,2021,9,68
2211,7,16,2021,6,70
2212,1,1,2021,12,71
2213,11,21,2021,9,71
2214,2,3,2021,12,72
2215,3,14,2021,10,78
2216,7,13,2021,6,75
2217,8,21,2021,11,72
2218,1,2,2021,6,68
2219,1,1,2021,12,71
2220,22,26,2021,4,72
2221,1,1,2021,6,70
2222,1,1,2021,5,71
2223,2,12,2021,8,73
2224,1,1,2021,4,72
2225,1,1,2021,4,72
2226,13,17,2021,12,72
2227,1,1,2021,9,69
2228,10,15,2021,9,73
2229,1,1,2021,10,85
2230,1,1,2021,7,78
2231,12,13,2021,3,66
2232,1,1,2021,6,81
2233,9,20,2021,11,69
2234,15,30,2021,11,71
2235,1,1,2021,8,77
2236,1,10,2021,7,73
2237,6,11,2021,4,71
2238,1,4,2021,4,74
2239,1,1,2021,6,69
2240,1,3,2021,12,72
2241,8,16,2021,10,71
2242,14,21,2021,9,72
2243,1,1,2021,12,74
2244,3,15,2021,10,69
2245,23,25,2021,10,76
2246,10,20,2021,11,69
2247,17,21,2021,9,71
2248,2,7,2021,10,77
2249,10,12,2021,8,70
2250,3,6,2021,9,75
2251,9,11,2021,11,74
2252,1,1,2021,2,80
2253,5,13,2021,5,69
2254,1,1,2021,12,73
2255,14,16,2021,10,71
2256,1,12,2021,3,71
2257,2,9,2021,11,72
2258,12,13,2021,3,70
2259,1,1,2021,8,78
2260,1,3,2021,2,72
2261,1,1,2021,10,78
2262,4,13,2021,1,68
2263,1,26,2021,4,71
2264,1,20,2021,11,69
2265,1,2,2021,9,74
2266,1,9,2021,8,71
2267,2,10,2021,6,68
2268,19,30,2021,11,71
2269,3,11,2021,10,72
2270,6,16,2021,3,74
2271,1,2,2021,9,68
2272,15,19,2021,6,70
2273,1,1,2021,6,72
2274,1,1,2021,10,78
2275,5,12,2021,10,81
2276,2,17,2021,1,71
2277,1,16,2021,3,71
2278,15,17,2021,12,73
2279,1,1,2021,7,69
2280,1,12,2021,11,71
2281,2,13,2021,3,70
2282,10,17,2021,2,72
2283,1,1,2021,7,82
2284,2,8,2021,10,78
2285,11,16,2021,7,73
2286,1,1,2021,12,74
2287,1,10,2021,10,69
2288,20,30,2021,11,70
2289,1,1,2021,10,73
2290,1,1,2021,3,70
2291,1,2,2021,12,72
2292,8,19,2021,6,70
2293,8,19,2021,2,79
2294,2,15,2021,9,72
2295,1,1,2021,8,69
2296,1,1,2021,4,79
2297,3,13,2021,5,68
2298,8,9,2021,11,70
2299,1,1,2021,10,72
2300,1,11,2021,6,68
2301,13,20,2021,11,68
2302,5,20,2021,11,68
2303,17,19,2021,2,71
2304,1,1,2021,7,74
2305,1,2,2021,7,68
2306,1,6,2021,8,77
2307,1,1,2021,10,68
2308,17,29,2021,9,72
2309,3,16,2021,3,73
2310,1,19,2021,6,71
2311,11,12,2021,8,73
2312,1,1,2021,10,75
2313,7,11,2021,12,71
2314,1,1,2021,9,77
2315,1,1,2021,4,67
2316,7,12,2021,11,70
2317,11,11,2021,11,75
2318,1,4,2021,3,69
2319,10,16,2021,7,72
2320,11,13,2021,10,67
2321,13,14,2021,6,70
2322,1,1,2021,4,73
2323,1,14,2021,10,71
2324,14,18,2021,7,70
2325,1,1,2021,10,68
2326,1,6,2021,11,74
2327,7,10,2021,7,73
2328,1,1,2021,8,78
2329,1,1,2021,9,71
2330,1,1,2021,4,87
2331,1,2,2021,12,70
2332,1,1,2021,6,73
2333,1,1,2021,4,72
2334,1,1,2021,5,68
2335,1,1,2021,10,70
2336,25,30,2021,11,69
2337,5,16,2021,10,69
2338,1,1,2021,7,72
2339,1,4,2021,11,79
2340,1,1,2021,8,83
2341,1,1,2021,7,66
2342,1,1,2021,2,70
2343,1,1,2021,9,77
2344,11,15,2021,7,68
2345,1,1,2021,10,66
2346,1,1,2021,6,65
2347,5,19,2021,6,70
2348,15,15,2021,9,71
2349,1,7,2021,10,70
2350,1,1,2021,6,68
2351,3,10,2021,1,70
2352,1,1,2021,2,67
2353,1,1,2021,9,68
2354,1,1,2021,10,81
2355,2,14,2021,12,80
2356,11,14,2021,12,80
2357,4,30,2021,11,72
2358,1,1,2021,11,70
2359,1,1,2021,3,72
2360,1,1,2021,9,83
2361,1,16,2021,2,67
2362,1,1,2021,5,72
2363,1,2,2021,3,74
2364,1,6,2021,4,77
2365,1,1,2021,12,69
2366,1,1,2021,9,65
2367,1,1,2021,7,67
2368,2,8,2021,10,73
2369,1,1,2021,1,76
2370,1,1,2021,9,67
2371,11,13,2021,8,70
2372,1,1,2021,10,70
2373,9,11,2021,12,70
2374,1,1,2021,6,72
2375,1,1,2021,12,72
2376,1,6,2021,7,69
2377,1,1,2021,12,78
2378,17,17,2021,1,69
2379,5,16,2021,9,67
2380,19,19,2021,6,68
2381,6,12,2021,10,69
2382,5,16,2021,3,73
2383,1,1,2021,10,71
2384,2,11,2021,3,74
2385,3,12,2021,10,70
2386,1,1,2021,1,77
2387,6,14,2021,1,66
2388,13,15,2021,9,71
2389,9,11,2021,3,68
2390,1,1,2021,9,73
2391,14,14,2021,1,66
2392,20,21,2021,9,70
2393,2,4,2021,9,77
2394,8,11,2021,3,69
2395,5,16,2021,7,66
2396,1,1,2021,1,67
2397,16,18,2021,9,70
2398,1,1,2021,10,73
2399,10,14,2021,5,72
2400,1,11,2021,3,69
2401,1,1,2021,6,65
2402,1,10,2021,1,71
2403,2,5,2021,12,76
2404,1,1,2021,10,70
2405,11,26,2021,4,69
2406,2,15,2021,11,80
2407,1,1,2021,11,69
2408,1,1,2021,4,67
2409,1,1,2021,6,67
2410,1,16,2021,8,76
2411,2,17,2021,12,69
2412,1,1,2021,12,71
2413,1,11,2021,11,71
2414,12,14,2021,6,69
2415,11,19,2021,6,68
2416,2,2,2021,3,73
2417,8,15,2021,10,69
2418,2,11,2021,3,69
2419,1,1,2021,5,74
2420,14,18,2021,9,70
2421,8,16,2021,3,70
2422,1,1,2021,10,78
2423,10,13,2021,3,67
2424,11,15,2021,9,70
2425,9,14,2021,9,65
2426,1,1,2021,7,68
2427,8,21,2021,6,68
2428,1,1,2021,11,65
2429,14,14,2021,5,72
2430,1,1,2021,5,79
2431,4,18,2021,7,68
2432,18,19,2021,6,69
2433,2,9,2021,7,75
2434,1,1,2021,10,77
2435,10,11,2021,4,80
2436,4,15,2021,9,66
2437,1,1,2021,9,65
2438,1,1,2021,6,79
2439,3,12,2021,7,78
2440,1,1,2021,5,74
2441,6,11,2021,5,68
2442,1,1,2021,9,65
2443,1,17,2021,1,70
2444,1,2,2021,3,70
2445,1,1,2021,10,70
2446,7,18,2021,2,72
2447,9,16,2021,7,71
2448,1,16,2021,3,73
2449,1,1,2021,8,80
2450,1,1,2021,6,75
2451,1,1,2021,10,69
2452,4,17,2021,12,71
2453,5,7,2021,10,71
2454,6,8,2021,1,68
2455,1,1,2021,9,67
2456,1,1,2021,10,71
2457,2,9,2021,12,69
2458,1,1,2021,6,80
2459,1,1,2021,1,69
2460,4,16,2021,2,67
2461,1,1,2021,4,67
2462,1,1,2021,9,74
2463,1,1,2021,1,70
2464,5,11,2021,12,70
2465,4,12,2021,8,70
2466,1,1,2021,3,76
2467,7,8,2021,11,66
2468,3,17,2021,1,69
2469,15,17,2021,11,69
2470,1,1,2021,2,75
2471,1,1,2021,10,71
2472,1,1,2021,4,80
2473,1,1,2021,9,70
2474,6,15,2021,10,71
2475,1,1,2021,9,66
2476,2,17,2021,2,71
2477,2,26,2021,4,68
2478,16,16,2021,3,75
2479,8,15,2021,9,69
2480,17,20,2021,9,68
2481,2,14,2021,9,64
2482,7,16,2021,10,67
2483,1,1,2021,1,70
2484,1,9,2021,11,69
2485,1,1,2021,10,69
2486,5,12,2021,7,75
2487,3,9,2021,12,68
2488,1,23,2021,7,66
2489,10,14,2021,8,75
2490,1,1,2021,2,70
2491,5,17,2021,11,69
2492,6,19,2021,5,65
2493,10,21,2021,10,65
2494,1,10,2021,6,69
2495,1,1,2021,3,68
2496,1,12,2021,8,68
2497,9,14,2021,6,72
2498,1,11,2021,2,67
2499,1,1,2021,9,68
2500,1,1,2021,10,69
2501,1,2,2021,12,68
2502,1,1,2021,8,71
2503,7,26,2021,12,67
2504,6,14,2021,3,66
2505,4,17,2021,1,68
2506,4,13,2021,12,63
2507,6,11,2021,12,69
2508,1,1,2021,3,67
2509,7,23,2021,5,65
2510,1,1,2021,5,66
2511,4,9,2021,12,67
2512,2,14,2021,8,68
2513,1,1,2021,5,67
2514,1,1,2021,5,67
2515,1,2,2021,9,68
2516,1,1,2021,6,65
2517,1,1,2021,9,70
2518,1,1,2021,1,74
2519,1,1,2021,11,81
2520,1,1,2021,12,65
2521,17,19,2021,6,68
2522,1,1,2021,5,75
2523,1,1,2021,12,90
2524,10,11,2021,3,67
2525,1,1,2021,10,75
2526,1,1,2021,1,69
2527,6,10,2021,3,71
2528,6,13,2021,3,70
2529,1,1,2021,4,68
2530,1,1,2021,4,69
2531,11,12,2021,8,70
2532,21,21,2021,9,67
2533,1,3,2021,12,66
2534,8,14,2021,4,70
2535,8,12,2021,12,72
2536,1,16,2021,10,67
2537,10,17,2021,1,67
2538,1,1,2021,11,76
2539,6,19,2021,6,68
2540,1,1,2021,10,67
2541,12,16,2021,10,66
2542,1,1,2021,10,63
2543,1,1,2021,6,68
2544,5,14,2021,12,76
2545,25,25,2021,10,74
2546,1,1,2021,6,69
2547,1,1,2021,11,74
2548,1,3,2021,7,69
2549,21,30,2021,11,68
2550,5,7,2021,10,72
2551,1,1,2021,7,66
2552,1,4,2021,4,83
2553,6,17,2021,12,68
2554,3,17,2021,12,68
2555,14,20,2021,11,66
2556,1,1,2021,10,66
2557,5,26,2021,4,68
2558,1,1,2021,5,78
2559,1,1,2021,9,76
2560,2,16,2021,11,71
2561,4,11,2021,3,67
2562,1,4,2021,12,68
2563,1,1,2021,3,65
2564,2,7,2021,10,68
2565,24,26,2021,4,68
2566,15,23,2021,5,65
2567,2,3,2021,12,64
2568,2,2,2021,3,67
2569,1,1,2021,10,70
2570,1,1,2021,10,68
2571,11,14,2021,10,72
2572,1,14,2021,10,74
2573,1,1,2021,3,70
2574,13,17,2021,11,69
2575,2,21,2021,10,65
2576,1,1,2021,6,70
2577,1,2,2021,7,77
2578,2,3,2021,11,74
2579,1,11,2021,6,64
2580,1,1,2021,9,71
2581,1,1,2021,8,69
2582,1,1,2021,12,67
2583,4,26,2021,4,67
2584,1,1,2021,10,70
2585,1,8,2021,3,80
2586,1,1,2021,10,65
2587,1,1,2021,11,73
2588,6,20,2021,11,65
2589,1,1,2021,11,69
2590,1,1,2021,1,66
2591,5,23,2021,5,65
2592,3,16,2021,11,71
2593,1,1,2021,4,65
2594,2,11,2021,12,68
2595,9,10,2021,7,69
2596,1,1,2021,2,63
2597,7,20,2021,11,65
2598,7,15,2021,9,69
2599,15,15,2021,7,66
2600,6,17,2021,1,67
2601,1,9,2021,3,74
2602,13,17,2021,2,70
2603,1,1,2021,10,71
2604,7,19,2021,6,67
2605,6,9,2021,12,67
2606,9,19,2021,6,66
2607,3,15,2021,5,76
2608,2,23,2021,2,69
2609,1,1,2021,5,67
2610,3,13,2021,3,62
2611,1,1,2021,3,71
2612,2,2,2021,10,70
2613,4,6,2021,10,65
2614,1,1,2021,7,73
2615,2,7,2021,6,73
2616,1,1,2021,1,68
2617,2,10,2021,5,67
2618,1,10,2021,5,74
2619,11,14,2021,6,67
2620,1,7,2021,3,70
2621,1,2,2021,2,67
2622,1,2,2021,3,72
2623,8,30,2021,11,69
2624,12,20,2021,11,65
2625,1,1,2021,3,66
2626,5,11,2021,3,71
2627,6,14,2021,10,74
2628,25,26,2021,4,67
2629,4,17,2021,11,68
2630,3,13,2021,8,65
2631,1,1,2021,6,66
2632,1,1,2021,11,71
2633,1,1,2021,11,73
2634,3,14,2021,1,63
2635,1,2,2021,9,71
2636,9,44,2021,11,71
2637,10,18,2021,7,65
2638,6,10,2021,7,68
2639,1,1,2021,8,66
2640,1,1,2021,6,69
2641,1,1,2021,11,70
2642,1,1,2021,12,65
2643,1,1,2021,7,65
2644,2,2,2021,1,73
2645,1,1,2021,1,81
2646,19,19,2021,6,67
2647,1,1,2021,10,63
2648,21,21,2021,6,64
2649,1,1,2021,3,64
2650,7,11,2021,3,66
2651,3,15,2021,9,63
2652,1,1,2021,1,67
2653,1,1,2021,6,67
2654,7,12,2021,9,67
2655,1,2,2021,11,67
2656,1,1,2021,2,67
2657,19,26,2021,4,66
2658,2,16,2021,10,66
2659,4,12,2021,3,68
2660,1,1,2021,8,70
2661,7,14,2021,4,67
2662,1,1,2021,2,78
2663,1,15,2021,5,65
2664,1,2,2021,1,68
2665,7,14,2021,10,73
2666,1,1,2021,7,65
2667,1,1,2021,11,70
2668,1,1,2021,8,75
2669,2,19,2021,6,67
2670,1,1,2021,2,64
2671,9,15,2021,9,63
2672,1,1,2021,3,64
2673,7,11,2021,11,72
2674,3,16,2021,8,65
2675,1,1,2021,6,67
2676,10,13,2021,5,64
2677,1,1,2021,6,66
2678,8,14,2021,10,73
2679,1,5,2021,11,68
2680,3,14,2021,8,73
2681,1,1,2021,8,74
2682,1,1,2021,6,77
2683,6,30,2021,11,68
2684,1,1,2021,12,66
2685,4,13,2021,4,67
2686,11,17,2021,1,66
2687,8,9,2021,12,67
2688,1,1,2021,6,76
2689,2,15,2021,7,66
2690,1,1,2021,7,70
2691,1,1,2021,5,64
2692,17,18,2021,2,69
2693,1,1,2021,1,71
2694,6,6,2021,8,64
2695,1,1,2021,10,66
2696,1,1,2021,7,70
2697,1,1,2021,4,66
2698,1,5,2021,5,70
2699,1,1,2021,12,65
2700,1,18,2021,10,66
2701,1,1,2021,8,67
2702,15,15,2021,10,67
2703,5,8,2021,10,74
2704,7,17,2021,1,66
2705,6,10,2021,12,70
2706,1,1,2021,7,66
2707,1,1,2021,7,79
2708,1,2,2021,7,79
2709,1,1,2021,12,66
2710,1,2,2021,3,62
2711,1,11,2021,9,68
2712,12,17,2021,1,66
2713,9,17,2021,1,66
2714,6,6,2021,3,66
2715,12,18,2021,7,65
2716,4,9,2021,11,65
2717,9,17,2021,11,67
2718,1,1,2021,12,71
2719,1,1,2021,4,64
2720,13,14,2021,4,69
2721,2,16,2021,9,74
2722,6,11,2021,3,65
2723,3,4,2021,6,71
2724,1,1,2021,9,65
2725,7,16,2021,11,69
2726,3,18,2021,7,65
2727,3,12,2021,3,61
2728,1,1,2021,8,68
2729,1,1,2021,9,74
2730,1,1,2021,4,66
2731,1,1,2021,6,67
2732,9,26,2021,4,66
2733,9,13,2021,8,66
2734,10,15,2021,10,67
2735,13,21,2021,6,65
2736,2,16,2021,3,70
2737,2,7,2021,2,64
2738,4,12,2021,5,82
2739,10,11,2021,4,66
2740,2,6,2021,6,72
2741,2,10,2021,6,67
2742,1,1,2021,11,70
2743,1,1,2021,6,67
2744,14,21,2021,11,66
2745,1,1,2021,11,72
2746,16,20,2021,11,63
2747,2,15,2021,9,62
2748,1,1,2021,12,72
2749,1,1,2021,9,63
2750,2,10,2021,7,68
2751,1,1,2021,10,75
2752,1,1,2021,5,70
2753,1,1,2021,3,69
2754,10,14,2021,10,72
2755,1,3,2021,3,70
2756,1,1,2021,4,69
2757,1,1,2021,10,71
2758,8,9,2021,11,68
2759,2,23,2021,5,63
2760,1,1,2021,10,66
2761,2,6,2021,3,69
2762,6,11,2021,11,68
2763,5,8,2021,2,64
2764,1,1,2021,11,69
2765,2,13,2021,3,60
2766,9,17,2021,12,68
2767,6,11,2021,4,74
2768,4,14,2021,9,62
2769,1,7,2021,10,66
2770,1,2,2021,1,69
2771,1,1,2021,5,64
2772,1,1,2021,9,63
2773,2,2,2021,7,64
2774,1,1,2021,6,63
2775,4,12,2021,4,66
2776,22,30,2021,11,65
2777,1,1,2021,12,68
2778,1,1,2021,10,69
2779,23,26,2021,4,66
2780,9,16,2021,10,64
2781,1,1,2021,6,63
2782,1,1,2021,11,64
2783,4,11,2021,9,63
2784,1,1,2021,4,64
2785,1,1,2021,11,76
2786,12,14,2021,10,74
2787,19,22,2021,3,67
2788,3,11,2021,4,66
2789,1,1,2021,9,64
2790,8,17,2021,1,66
2791,8,14,2021,12,73
2792,2,7,2021,10,63
2793,5,21,2018,11,91
2794,1,2,2018,11,87
2795,2,12,2018,10,86
2796,7,15,2018,4,83
2797,1,1,2018,4,89
2798,9,21,2018,11,84
2799,6,7,2018,10,79
2800,1,1,2018,8,85
2801,9,19,2018,11,82
2802,13,15,2018,4,79
2803,1,17,2018,5,85
2804,1,1,2018,3,82
2805,1,1,2018,1,83
2806,1,7,2018,3,83
2807,6,12,2018,10,82
2808,1,5,2018,8,81
2809,2,12,2018,11,83
2810,7,13,2018,4,82
2811,1,6,2018,10,81
2812,12,34,2018,10,86
2813,5,25,2018,6,84
2814,3,6,2018,10,79
2815,1,16,2018,6,83
2816,1,1,2018,1,78
2817,1,1,2018,2,78
2818,1,1,2018,6,82
2819,3,5,2018,4,78
2820,4,12,2018,11,86
2821,1,1,2018,3,84
2822,3,13,2018,11,85
2823,5,15,2018,8,81
2824,3,13,2018,8,79
2825,7,14,2018,3,83
2826,1,1,2018,6,78
2827,13,13,2018,10,78
2828,7,11,2018,6,75
2829,14,16,2018,4,78
2830,4,11,2018,1,82
2831,4,13,2018,4,76
2832,4,25,2018,6,79
2833,13,16,2018,6,80
2834,2,13,2018,5,83
2835,1,4,2018,5,80
2836,13,16,2018,10,76
2837,10,18,2018,4,84
2838,1,5,2018,9,81
2839,1,1,2018,10,81
2840,12,13,2018,4,74
2841,10,15,2018,8,80
2842,6,14,2018,9,78
2843,9,9,2018,6,87
2844,11,15,2018,11,78
2845,3,16,2018,10,76
2846,1,1,2018,7,78
2847,3,8,2018,10,75
2848,2,11,2018,6,74
2849,1,1,2018,2,76
2850,1,1,2018,4,74
2851,1,1,2018,6,72
2852,1,1,2018,2,76
2853,1,1,2018,4,84
2854,1,1,2018,4,76
2855,2,7,2018,12,75
2856,1,1,2018,8,76
2857,1,1,2018,6,76
2858,6,24,2018,1,78
2859,3,13,2018,10,76
2860,13,13,2018,3,74
2861,4,13,2018,2,73
2862,1,1,2018,3,76
2863,1,1,2018,4,79
2864,4,16,2018,8,74
2865,5,19,2018,9,74
2866,2,3,2018,6,75
2867,10,16,2018,4,78
2868,1,10,2018,12,76
2869,1,16,2018,2,76
2870,1,6,2018,5,73
2871,5,15,2018,3,76
2872,4,11,2018,1,71
2873,3,3,2018,6,74
2874,13,15,2018,7,74
2875,7,7,2018,5,72
2876,1,1,2018,2,82
2877,1,1,2018,2,76
2878,2,7,2018,12,73
2879,17,24,2018,1,75
2880,1,1,2018,5,77
2881,1,8,2018,10,75
2882,4,19,2018,4,75
2883,7,10,2018,10,76
2884,3,8,2018,10,80
2885,5,10,2018,12,73
2886,1,1,2018,9,79
2887,9,24,2018,1,73
2888,4,11,2018,3,79
2889,6,6,2018,5,72
2890,3,14,2018,8,71
2891,4,6,2018,3,69
2892,10,21,2018,11,78
2893,1,7,2018,12,76
2894,1,12,2018,11,77
2895,1,1,2018,8,71
2896,1,13,2018,1,73
2897,1,1,2018,2,74
2898,1,14,2018,5,78
2899,1,1,2018,8,77
2900,2,8,2018,6,71
2901,6,13,2018,4,72
2902,9,19,2018,10,81
2903,1,4,2018,6,78
2904,5,14,2018,5,78
2905,2,14,2018,6,77
2906,1,26,2018,8,81
2907,6,13,2018,10,73
2908,1,1,2018,10,73
2909,5,5,2018,11,73
2910,17,22,2018,2,81
2911,1,1,2018,1,74
2912,3,24,2018,1,74
2913,3,7,2018,10,74
2914,1,1,2018,11,74
2915,1,1,2018,10,76
2916,1,1,2018,11,81
2917,8,13,2018,3,74
2918,10,11,2018,6,74
2919,1,1,2018,6,77
2920,9,15,2018,8,75
2921,1,13,2018,3,71
2922,4,23,2018,9,71
2923,7,15,2018,8,71
2924,2,6,2018,5,70
2925,1,1,2018,9,79
2926,12,14,2018,2,72
2927,1,1,2018,1,75
2928,15,15,2018,5,70
2929,10,19,2018,8,72
2930,2,11,2018,5,80
2931,2,10,2018,4,78
2932,14,14,2018,6,73
2933,12,25,2018,7,71
2934,3,9,2018,10,69
2935,2,2,2018,7,73
2936,1,1,2018,3,73
2937,5,13,2018,4,70
2938,3,13,2018,3,70
2939,3,5,2018,11,71
2940,4,9,2018,6,72
2941,9,9,2018,10,77
2942,4,13,2018,1,71
2943,1,15,2018,2,70
2944,11,13,2018,12,74
2945,5,12,2018,10,73
2946,1,13,2018,3,69
2947,4,9,2018,7,78
2948,1,1,2018,5,76
2949,8,23,2018,9,70
2950,1,1,2018,5,73
2951,1,1,2018,1,78
2952,1,11,2018,1,77
2953,5,16,2018,4,74
2954,6,12,2018,11,72
2955,3,15,2018,4,69
2956,1,1,2018,4,70
2957,3,14,2018,8,72
2958,10,13,2018,4,69
2959,9,9,2018,12,69
2960,1,1,2018,12,69
2961,3,7,2018,3,72
2962,2,16,2018,6,67
2963,12,13,2018,3,69
2964,10,12,2018,11,73
2965,2,4,2018,11,74
2966,6,16,2018,4,69
2967,13,16,2018,4,72
2968,5,25,2018,6,73
2969,13,15,2018,8,73
2970,2,7,2018,3,74
2971,6,13,2018,2,70
2972,1,1,2018,8,70
2973,10,12,2018,9,75
2974,16,16,2018,6,68
2975,1,1,2018,5,75
2976,1,1,2018,4,70
2977,1,1,2018,3,71
2978,6,14,2018,5,74
2979,4,13,2018,5,75
2980,11,18,2018,12,73
2981,1,3,2018,6,82
2982,1,1,2018,6,76
2983,19,19,2018,9,70
2984,13,13,2018,4,69
2985,3,4,2018,11,77
2986,5,22,2018,2,74
2987,4,7,2018,7,70
2988,16,16,2018,10,70
2989,5,17,2018,7,73
2990,2,14,2018,5,76
2991,6,7,2018,2,70
2992,9,9,2018,4,70
2993,12,13,2018,3,73
2994,1,1,2018,3,73
2995,1,2,2018,9,69
2996,1,1,2018,8,71
2997,4,11,2018,6,67
2998,1,1,2018,10,71
2999,1,1,2018,4,71
3000,1,8,2018,8,76
3001,14,14,2018,2,72
3002,1,1,2018,11,76
3003,4,12,2018,10,71
3004,1,1,2018,4,70
3005,1,1,2018,3,69
3006,9,15,2018,5,69
3007,1,1,2018,8,69
3008,5,15,2018,4,68
3009,3,8,2018,11,70
3010,3,12,2018,10,72
3011,1,1,2018,10,77
3012,29,29,2018,12,79
3013,5,14,2018,2,73
3014,8,16,2018,6,74
3015,4,8,2018,11,71
3016,2,13,2018,11,68
3017,16,16,2018,10,70
3018,1,1,2018,10,68
3019,4,12,2018,9,69
3020,1,11,2018,8,69
3021,9,26,2018,8,77
3022,2,8,2018,10,69
3023,5,7,2018,3,72
3024,5,9,2018,3,69
3025,2,12,2018,1,67
3026,8,15,2018,8,71
3027,8,13,2018,4,67
3028,10,14,2018,8,74
3029,11,16,2018,2,70
3030,12,12,2018,5,66
3031,4,5,2018,7,67
3032,11,15,2018,6,71
3033,3,6,2018,11,65
3034,9,9,2018,6,69
3035,1,1,2018,6,82
3036,4,7,2018,5,68
3037,2,9,2018,4,70
3038,3,26,2018,8,75
3039,1,1,2018,4,69
3040,3,11,2018,5,76
3041,7,27,2018,5,70
3042,15,26,2018,8,78
3043,15,16,2018,6,66
3044,1,1,2018,10,69
3045,2,9,2018,3,69
3046,1,1,2018,5,77
3047,3,6,2018,8,72
3048,1,1,2018,8,78
3049,1,15,2018,12,77
3050,15,16,2018,2,69
3051,7,11,2018,5,76
3052,4,15,2018,8,70
3053,3,7,2018,12,68
3054,2,9,2018,6,64
3055,13,13,2018,3,69
3056,1,1,2018,10,77
3057,8,11,2018,5,75
3058,9,16,2018,6,65
3059,1,10,2018,3,67
3060,1,1,2018,9,68
3061,2,17,2018,5,75
3062,3,16,2018,4,71
3063,4,4,2018,6,69
3064,5,15,2018,11,70
3065,15,15,2018,12,81
3066,11,15,2018,11,74
3067,6,19,2018,10,76
3068,20,20,2018,11,68
3069,11,13,2018,3,67
3070,2,15,2018,10,65
3071,3,14,2018,2,70
3072,1,11,2018,5,74
3073,7,8,2018,4,69
3074,1,12,2018,1,74
3075,1,1,2018,1,67
3076,1,1,2018,8,66
3077,7,10,2018,12,65
3078,1,1,2018,10,71
3079,4,8,2018,11,67
3080,1,1,2018,7,66
3081,1,1,2018,4,67
3082,9,16,2018,2,72
3083,1,1,2018,3,67
3084,10,10,2018,12,66
3085,2,12,2018,10,69
3086,1,1,2018,7,73
3087,7,16,2018,10,66
3088,5,6,2018,9,66
3089,14,16,2018,6,64
3090,4,4,2018,5,70
3091,3,7,2018,6,65
3092,1,1,2018,4,66
3093,13,16,2018,5,65
3094,1,1,2018,11,68
3095,1,16,2018,11,77
3096,1,1,2018,3,71
3097,13,26,2018,8,76
3098,6,10,2018,7,68
3099,17,17,2018,5,76
3100,6,11,2018,5,74
3101,11,16,2018,11,74
3102,10,16,2018,10,68
3103,1,1,2018,5,70
3104,2,18,2018,11,73
3105,1,1,2018,6,71
3106,1,12,2018,10,70
3107,9,11,2018,5,75
3108,2,7,2018,9,67
3109,1,1,2018,4,66
3110,1,1,2018,8,72
3111,3,16,2018,2,69
3112,4,10,2018,10,73
3113,3,19,2018,8,66
3114,1,12,2018,1,73
3115,1,1,2018,6,64
3116,2,15,2018,11,78
3117,4,7,2018,3,70
3118,7,15,2018,8,69
3119,10,25,2018,6,71
3120,3,8,2018,6,66
3121,1,1,2018,5,66
3122,1,1,2018,5,68
3123,1,1,2018,4,72
3124,12,15,2018,8,67
3125,1,12,2018,10,67
3126,4,20,2018,11,67
3127,1,1,2018,2,68
3128,6,10,2018,8,71
3129,4,11,2018,1,65
3130,6,21,2018,11,71
3131,5,13,2018,5,70
3132,9,14,2018,10,68
3133,2,10,2018,12,65
3134,4,13,2018,10,66
3135,1,10,2018,8,70
3136,2,10,2018,7,65
3137,2,5,2018,4,66
3138,1,7,2018,10,68
3139,9,12,2018,11,69
3140,20,24,2018,1,69
3141,10,12,2018,10,67
3142,3,25,2018,6,68
3143,7,16,2018,8,68
3144,1,1,2018,1,65
3145,3,3,2018,10,66
3146,11,15,2018,12,76
3147,4,5,2018,11,65
3148,1,1,2018,4,65
3149,11,23,2018,11,64
3150,4,21,2018,11,72
3151,6,15,2018,8,68
3152,1,1,2018,1,72
3153,3,16,2018,6,62
3154,1,1,2018,1,76
3155,1,1,2018,8,67
3156,1,1,2018,8,68
3157,20,25,2018,10,76
3158,19,21,2018,11,71
3159,1,6,2018,9,70
3160,4,10,2018,9,62
3161,1,5,2018,1,64
3162,1,7,2018,12,66
3163,4,11,2018,5,70
3164,1,1,2018,5,74
3165,6,10,2018,12,72
3166,1,1,2018,3,64
3167,5,7,2018,4,68
3168,3,15,2018,9,67
3169,1,4,2018,8,66
3170,1,1,2018,1,66
3171,4,10,2018,3,64
3172,2,11,2018,10,64
3173,4,11,2018,1,67
3174,1,1,2018,3,70
3175,7,16,2018,2,66
3176,1,1,2018,10,69
3177,2,5,2018,8,66
3178,13,15,2018,6,67
3179,2,5,2018,11,67
3180,5,6,2018,9,64
3181,11,26,2018,8,73
3182,2,4,2018,10,68
3183,3,5,2018,11,65
3184,1,7,2018,6,67
3185,6,7,2018,3,69
3186,1,20,2018,5,72
3187,1,1,2018,5,63
3188,1,7,2018,11,72
3189,15,19,2018,11,73
3190,4,6,2018,8,65
3191,8,13,2018,5,65
3192,3,13,2018,8,66
3193,8,12,2018,10,67
3194,5,11,2018,5,71
3195,1,2,2018,7,62
3196,8,16,2018,2,67
3197,2,8,2018,3,65
3198,4,15,2018,12,76
3199,1,1,2018,9,68
3200,12,19,2018,4,71
3201,1,1,2018,9,70
3202,3,20,2018,8,75
3203,8,16,2018,10,65
3204,8,11,2018,8,65
3205,1,1,2018,12,76
3206,1,1,2018,6,71
3207,2,15,2018,3,67
3208,3,17,2018,10,72
3209,4,5,2018,11,66
3210,1,1,2018,6,60
3211,1,1,2018,6,66
3212,5,8,2018,12,67
3213,17,34,2018,10,73
3214,4,6,2018,7,66
3215,16,21,2018,11,72
3216,1,22,2018,2,72
3217,4,14,2018,2,65
3218,10,17,2018,10,65
3219,4,11,2018,2,65
3220,13,13,2018,6,65
3221,1,1,2018,8,66
3222,1,1,2018,12,72
3223,7,9,2018,5,68
3224,1,1,2018,5,74
3225,9,25,2018,6,67
3226,7,13,2018,3,63
3227,1,4,2018,6,66
3228,8,14,2018,4,66
3229,1,2,2018,7,66
3230,1,9,2018,3,66
3231,1,1,2018,8,66
3232,1,1,2018,11,68
3233,1,1,2018,4,72
3234,16,20,2018,8,69
3235,1,1,2018,4,75
3236,1,1,2018,10,68
3237,1,1,2018,7,70
3238,1,1,2018,8,71
3239,1,1,2018,10,66
3240,1,1,2018,8,71
3241,1,13,2018,11,72
3242,13,14,2018,9,67
3243,1,1,2018,11,69
3244,2,10,2018,8,67
3245,1,1,2018,12,78
3246,1,1,2018,8,64
3247,2,5,2018,10,70
3248,1,1,2018,11,71
3249,1,1,2018,6,63
3250,1,1,2018,10,70
3251,1,16,2018,10,65
3252,1,12,2018,11,65
3253,2,4,2018,6,70
3254,1,9,2018,7,71
3255,18,19,2018,11,66
3256,3,13,2018,5,63
3257,4,13,2018,12,67
3258,8,12,2018,7,64
3259,7,10,2018,10,65
3260,1,1,2018,6,66
3261,10,14,2018,4,63
3262,1,2,2018,10,69
3263,16,26,2018,8,73
3264,2,23,2018,9,65
3265,4,19,2018,10,67
3266,1,1,2018,5,66
3267,3,16,2018,6,70
3268,1,1,2018,6,67
3269,1,1,2018,9,62
3270,5,27,2018,9,64
3271,5,16,2018,10,67
3272,10,11,2018,5,72
3273,1,1,2018,5,62
3274,1,5,2018,4,64
3275,1,1,2018,6,67
3276,1,4,2018,6,75
3277,1,7,2018,2,67
3278,1,11,2018,1,62
3279,1,1,2018,1,72
3280,4,12,2018,2,66
3281,1,1,2018,10,64
3282,7,16,2018,10,64
3283,5,15,2018,9,66
3284,11,12,2018,4,73
3285,1,1,2018,3,63
3286,2,6,2018,10,63
3287,4,7,2018,5,63
3288,2,2,2018,11,67
3289,9,14,2018,2,66
3290,14,26,2018,8,72
3291,2,13,2018,2,63
3292,5,15,2018,11,75
3293,1,1,2018,10,63
3294,3,8,2018,11,67
3295,1,1,2018,6,65
3296,1,1,2018,12,71
3297,5,7,2018,2,67
3298,2,6,2018,4,69
3299,1,1,2018,12,65
3300,10,13,2018,10,71
3301,12,14,2018,5,70
3302,1,1,2018,9,67
3303,9,19,2018,8,64
3304,3,5,2018,10,63
3305,20,28,2018,2,60
3306,7,17,2018,7,67
3307,2,13,2018,1,64
3308,1,1,2018,10,72
3309,1,1,2018,2,64
3310,1,1,2018,7,63
3311,1,1,2018,9,64
3312,6,19,2018,8,67
3313,1,19,2018,4,64
3314,1,1,2018,1,62
3315,12,19,2018,8,64
3316,1,1,2018,5,62
3317,7,19,2018,4,65
3318,1,1,2018,12,66
3319,1,1,2018,3,61
3320,8,11,2018,3,73
3321,1,1,2018,2,64
3322,1,1,2018,10,60
3323,6,10,2018,11,62
3324,5,16,2018,12,61
3325,1,5,2018,11,64
3326,2,2,2018,12,67
3327,3,16,2018,2,64
3328,4,6,2018,10,63
3329,1,1,2018,2,66
3330,1,1,2018,9,64
3331,4,25,2018,6,66
3332,16,24,2018,1,70
3333,1,1,2018,4,67
3334,2,13,2018,10,64
3335,1,1,2018,12,65
3336,3,6,2018,10,63
3337,1,1,2018,10,65
3338,1,1,2018,7,73
3339,5,13,2018,12,66
3340,1,1,2018,1,71
3341,8,13,2018,3,62
3342,1,1,2018,9,68
3343,1,1,2018,3,65
3344,6,11,2018,6,62
3345,12,15,2018,12,76
3346,1,1,2018,8,64
3347,3,13,2018,12,66
3348,23,23,2018,9,62
3349,2,5,2018,9,64
3350,1,9,2018,6,63
3351,3,10,2018,12,69
3352,4,16,2018,11,74
3353,1,3,2018,9,68
3354,1,1,2018,10,71
3355,4,15,2018,11,75
3356,1,1,2018,7,64
3357,6,12,2018,11,69
3358,14,16,2018,10,63
3359,1,1,2018,5,66
3360,1,1,2018,6,65
3361,5,6,2018,6,65
3362,2,16,2018,10,64
3363,3,10,2018,3,62
3364,2,13,2018,8,61
3365,3,12,2018,12,65
3366,1,1,2018,10,63
3367,1,20,2018,7,59
3368,7,8,2018,8,66
3369,4,6,2018,3,65
3370,25,25,2018,7,64
3371,6,12,2018,1,71
3372,1,10,2018,6,65
3373,3,13,2018,1,63
3374,1,1,2018,11,64
3375,1,1,2018,2,66
3376,4,14,2018,4,59
3377,3,7,2018,3,71
3378,10,14,2018,5,68
3379,7,12,2018,11,64
3380,6,15,2018,4,64
3381,1,6,2018,4,67
3382,5,27,2018,5,68
3383,4,24,2018,1,63
3384,1,2,2018,2,69
3385,1,9,2018,10,68
3386,1,1,2018,9,72
3387,1,1,2018,8,70
3388,9,16,2018,10,63
3389,1,1,2018,9,62
3390,1,1,2018,5,66
3391,6,6,2018,4,62
3392,1,16,2018,2,63
3393,9,16,2018,5,74
3394,1,1,2018,10,67
3395,2,11,2018,10,65
3396,1,16,2018,4,63
3397,7,12,2018,4,70
3398,5,5,2018,7,61
3399,5,6,2018,11,64
3400,3,15,2018,11,72
3401,1,25,2018,2,75
3402,5,13,2018,9,62
3403,3,4,2018,8,67
3404,1,1,2018,6,64
3405,6,13,2018,3,63
3406,4,5,2018,6,61
3407,6,26,2018,8,67
3408,1,5,2018,6,60
3409,3,5,2018,1,62
3410,15,15,2018,8,64
3411,1,6,2018,1,70
3412,1,1,2018,9,63
3413,6,10,2018,3,62
3414,4,6,2018,10,62
3415,1,3,2018,7,63
3416,4,10,2018,2,62
3417,3,7,2018,10,65
3418,7,13,2018,2,63
3419,9,18,2018,9,60
3420,4,4,2018,11,67
3421,1,1,2018,10,61
3422,1,1,2018,1,66
3423,5,16,2018,2,63
3424,1,1,2018,7,63
3425,12,16,2018,10,63
3426,7,17,2018,5,68
3427,16,25,2018,7,63
3428,3,23,2018,9,61
3429,11,13,2018,4,60
3430,1,1,2018,5,74
3431,1,1,2018,11,64
3432,1,6,2018,9,62
3433,1,1,2018,2,72
3434,1,1,2018,8,62
3435,2,7,2018,6,62
3436,3,14,2018,11,60
3437,2,10,2018,6,60
3438,1,1,2018,10,60
3439,14,15,2018,8,63
3440,4,10,2018,12,66
3441,1,13,2018,4,61
3442,9,15,2018,10,59
3443,2,13,2018,4,62
3444,7,20,2018,8,70
3445,3,4,2018,11,62
3446,11,11,2018,5,68
3447,1,1,2018,11,64
3448,7,7,2018,10,65
3449,14,16,2018,5,76
3450,14,21,2018,11,66
3451,1,20,2018,7,61
3452,3,14,2018,3,68
3453,1,1,2018,11,61
3454,3,10,2018,8,60
3455,1,1,2018,9,64
3456,3,11,2018,6,62
3457,3,17,2018,11,67
3458,2,4,2018,6,62
3459,6,8,2018,5,73
3460,5,7,2018,10,62
3461,1,1,2018,10,61
3462,2,17,2018,11,60
3463,1,1,2018,6,61
3464,8,13,2018,11,61
3465,6,13,2018,8,63
3466,11,16,2018,10,62
3467,3,12,2018,8,67
3468,1,1,2018,4,65
3469,14,20,2018,8,66
3470,4,16,2018,4,61
3471,2,14,2018,3,69
3472,1,1,2018,6,67
3473,14,18,2018,10,63
3474,14,18,2018,9,59
3475,1,1,2018,1,56
3476,1,12,2018,9,59
3477,4,13,2018,3,60
3478,1,5,2018,10,66
3479,6,23,2018,9,61
3480,4,8,2018,10,61
3481,7,18,2018,9,59
3482,1,8,2018,10,61
3483,1,5,2018,9,66
3484,5,11,2018,5,72
3485,1,3,2018,8,60
3486,1,1,2018,5,70
3487,1,11,2018,2,60
3488,2,14,2018,11,60
3489,1,29,2018,12,70
3490,2,10,2018,6,60
3491,3,10,2018,2,64
3492,1,1,2018,5,63
3493,9,16,2018,10,61
3494,34,34,2018,10,70
3495,8,15,2018,11,70
3496,1,13,2018,8,61
3497,1,1,2018,12,64
3498,1,1,2018,12,58
3499,1,3,2018,5,59
3500,12,19,2018,11,62
3501,5,7,2018,12,61
3502,3,12,2018,8,69
3503,2,7,2018,5,64
3504,1,1,2018,10,61
3505,11,29,2018,12,68
3506,6,9,2018,3,62
3507,2,16,2018,6,66
3508,6,8,2018,6,60
3509,3,17,2018,5,65
3510,7,12,2018,2,61
3511,6,15,2018,6,63
3512,3,7,2018,10,69
3513,8,9,2018,10,68
3514,9,13,2018,3,59
3515,1,1,2018,10,70
3516,1,7,2018,5,63
3517,5,7,2018,7,61
3518,1,1,2018,10,59
3519,1,1,2018,2,62
3520,2,2,2018,12,59
3521,7,14,2018,12,60
3522,11,15,2018,11,65
3523,4,18,2018,10,71
3524,1,1,2018,4,68
3525,1,1,2018,1,65
3526,4,13,2018,3,62
3527,1,1,2018,4,61
3528,5,10,2018,8,64
3529,3,15,2018,8,56
3530,7,16,2018,4,61
3531,1,1,2018,9,68
3532,5,11,2018,4,62
3533,16,18,2018,3,65
3534,1,13,2018,11,72
3535,3,18,2018,3,63
3536,1,1,2018,4,58
3537,8,10,2018,5,61
3538,6,15,2018,4,62
3539,1,1,2018,12,62
3540,3,25,2018,6,64
3541,2,10,2018,2,62
3542,4,13,2018,5,60
3543,20,21,2018,11,65
3544,8,13,2018,5,74
3545,1,1,2018,1,59
3546,1,9,2018,6,57
3547,1,1,2018,12,65
3548,13,13,2018,9,61
3549,11,11,2018,2,63
3550,5,14,2018,6,64
3551,7,7,2018,10,64
3552,1,1,2018,9,62
3553,2,7,2018,10,61
3554,10,26,2018,8,69
3555,1,1,2018,2,67
3556,1,1,2018,5,67
3557,5,23,2018,9,61
3558,1,1,2018,6,69
3559,1,1,2018,6,64
3560,9,13,2018,11,59
3561,6,13,2018,4,69
3562,1,6,2018,9,60
3563,3,4,2018,4,67
3564,2,10,2018,6,66
3565,3,13,2018,3,62
3566,1,4,2018,8,61
3567,8,9,2018,6,58
3568,1,1,2018,7,62
3569,3,8,2018,4,63
3570,2,9,2018,9,61
3571,17,17,2018,7,63
3572,2,6,2018,8,62
3573,5,11,2018,3,71
3574,2,2,2018,8,61
3575,6,10,2018,2,61
3576,1,1,2018,3,62
3577,10,25,2018,6,63
3578,1,1,2018,10,64
3579,2,6,2018,10,64
3580,1,1,2018,3,59
3581,1,1,2018,11,61
3582,4,13,2018,3,65
3583,1,1,2018,8,72
3584,11,15,2018,11,67
3585,1,1,2018,3,63
3586,1,1,2018,2,70
3587,1,1,2018,10,60
3588,1,1,2018,9,64
3589,2,15,2018,10,67
3590,12,13,2018,2,66
3591,5,13,2018,3,63
3592,6,8,2018,11,61
3593,1,1,2018,8,68
3594,3,15,2018,8,63
3595,5,11,2018,10,64
3596,1,1,2018,12,62
3597,1,1,2018,5,61
3598,10,11,2018,3,59
3599,11,12,2018,10,62
3600,1,13,2018,10,63
3601,2,5,2018,1,59
3602,1,1,2018,1,70
3603,1,1,2018,12,61
3604,6,16,2018,2,60
3605,6,7,2018,2,62
3606,3,11,2018,5,57
3607,1,2,2018,5,62
3608,4,6,2018,8,63
3609,33,34,2018,10,70
3610,4,15,2018,4,59
3611,2,26,2018,8,69
3612,1,1,2018,12,63
3613,1,1,2018,8,57
3614,2,13,2018,3,59
3615,4,9,2018,9,62
3616,1,1,2018,4,61
3617,1,1,2018,5,64
3618,9,12,2018,4,68
3619,2,16,2018,11,69
3620,1,1,2018,3,75
3621,10,11,2018,10,65
3622,8,12,2018,6,70
3623,8,14,2018,9,64
3624,6,18,2018,9,58
3625,4,13,2018,4,67
3626,4,10,2018,1,60
3627,6,17,2018,10,60
3628,8,12,2018,11,62
3629,2,6,2018,6,66
3630,9,15,2018,7,60
3631,2,11,2018,2,60
3632,17,17,2018,9,56
3633,1,1,2018,12,56
3634,4,16,2018,10,61
3635,7,17,2018,10,63
3636,1,1,2018,7,61
3637,3,4,2018,6,64
3638,2,2,2018,10,65
3639,4,4,2018,9,58
3640,1,15,2018,3,68
3641,8,16,2018,10,60
3642,1,4,2018,11,62
3643,3,19,2018,11,61
3644,1,6,2018,10,59
3645,1,4,2018,7,61
3646,2,6,2018,7,67
3647,1,1,2018,1,60
3648,1,1,2018,1,60
3649,1,1,2018,4,60
3650,3,7,2018,12,62
3651,3,12,2018,10,77
3652,1,8,2018,3,57
3653,13,13,2018,8,60
3654,3,6,2018,8,64
3655,5,5,2018,8,60
3656,17,34,2018,10,60
3657,1,1,2018,11,64
3658,2,14,2018,3,61
3659,11,12,2018,5,60
3660,1,1,2018,2,68
3661,3,13,2018,6,58
3662,7,11,2018,5,71
3663,2,13,2018,11,63
3664,7,13,2018,3,60
3665,6,13,2018,4,58
3666,7,8,2018,3,59
3667,1,1,2018,7,66
3668,2,5,2018,7,69
3669,4,16,2018,6,64
3670,8,9,2018,10,57
3671,2,2,2018,7,56
3672,3,16,2018,8,58
3673,5,17,2018,5,64
3674,9,13,2018,10,59
3675,10,14,2018,10,61
3676,4,10,2018,6,58
3677,13,13,2018,3,60
3678,7,19,2018,10,61
3679,2,18,2018,5,59
3680,1,1,2018,8,65
3681,7,11,2018,3,58
3682,5,12,2018,5,58
3683,4,12,2018,10,58
3684,1,11,2018,11,65
3685,3,6,2018,11,61
3686,2,10,2018,3,58
3687,13,14,2018,6,57
3688,6,14,2018,6,66
3689,3,13,2018,3,60
3690,10,13,2018,3,61
3691,4,5,2018,11,59
3692,1,3,2018,7,56
3693,17,17,2018,10,65
3694,2,5,2018,10,64
3695,1,1,2018,3,59
3696,11,15,2018,9,63
3697,1,12,2018,12,62
3698,2,18,2018,3,66
3699,1,1,2018,5,61
3700,1,1,2018,3,63
3701,6,13,2018,3,58
3702,2,14,2018,4,71
3703,4,11,2018,12,60
3704,2,25,2018,6,61
3705,4,18,2018,9,57
3706,3,16,2018,11,70
3707,1,41,2018,4,69
3708,5,6,2018,8,62
3709,21,29,2018,12,66
3710,4,6,2018,6,61
3711,2,13,2018,8,60
3712,4,9,2018,10,65
3713,7,18,2018,5,61
3714,7,25,2018,6,61
3715,13,17,2018,5,64
3716,1,1,2018,3,64
3717,7,12,2018,6,57
3718,7,15,2018,11,66
3719,1,1,2018,8,62
3720,9,13,2018,4,58
3721,15,15,2018,11,66
3722,1,7,2018,5,62
3723,3,14,2018,5,64
3724,1,10,2018,6,57
3725,1,1,2018,7,56
3726,4,14,2018,11,66
3727,9,14,2018,3,64
3728,14,14,2018,3,65
3729,1,1,2018,2,59
3730,1,1,2018,8,57
3731,1,1,2018,7,63
3732,2,6,2018,8,61
3733,3,20,2018,5,65
3734,3,9,2018,6,59
3735,2,10,2018,8,64
3736,1,6,2018,5,66
3737,1,1,2018,8,59
3738,1,1,2018,11,61
3739,6,16,2018,10,60
3740,1,1,2018,11,60
3741,3,4,2018,9,56
3742,1,1,2018,5,66
3743,1,1,2018,8,72
3744,1,1,2018,8,67
3745,4,13,2018,11,76
3746,1,1,2018,2,64
3747,1,1,2018,5,59
3748,3,10,2018,10,59
3749,3,14,2018,10,60
3750,5,6,2018,10,58
3751,1,1,2018,6,59
3752,8,12,2018,6,58
3753,2,13,2018,3,59
3754,1,1,2018,3,59
3755,1,1,2018,10,66
3756,1,1,2018,7,57
3757,1,7,2018,5,58
3758,1,1,2018,8,62
3759,12,16,2018,10,58
3760,4,5,2018,7,65
3761,4,19,2018,8,59
3762,3,15,2018,11,64
3763,6,7,2018,3,70
3764,8,11,2018,1,64
3765,9,15,2018,4,58
3766,6,14,2018,2,62
3767,5,11,2018,6,57
3768,1,1,2018,12,55
3769,1,1,2018,8,64
3770,7,7,2018,6,56
3771,4,14,2018,8,59
3772,1,1,2018,12,59
3773,12,12,2017,6,95
3774,2,12,2017,5,91
3775,4,7,2017,12,93
3776,6,14,2017,10,88
3777,1,1,2017,3,87
3778,1,10,2017,8,83
3779,3,10,2017,10,84
3780,4,10,2017,6,77
3781,2,10,2017,4,83
3782,2,15,2017,4,82
3783,1,1,2017,3,82
3784,5,16,2017,3,88
3785,1,1,2017,1,81
3786,3,22,2017,3,84
3787,2,14,2017,6,80
3788,9,14,2017,6,79
3789,6,16,2017,10,83
3790,3,15,2017,4,80
3791,1,1,2017,3,81
3792,7,15,2017,4,79
3793,5,12,2017,4,81
3794,3,10,2017,6,75
3795,1,16,2017,4,86
3796,1,1,2017,6,78
3797,1,1,2017,8,82
3798,7,22,2017,9,77
3799,5,12,2017,4,85
3800,4,16,2017,3,87
3801,1,14,2017,11,75
3802,1,1,2017,11,78
3803,3,12,2017,3,81
3804,1,1,2017,10,78
3805,3,12,2017,12,76
3806,2,9,2017,12,82
3807,2,11,2017,9,78
3808,2,13,2017,10,81
3809,1,14,2017,10,82
3810,2,10,2017,5,83
3811,4,13,2017,4,85
3812,14,22,2017,3,79
3813,1,1,2017,2,83
3814,1,12,2017,9,80
3815,4,12,2017,8,80
3816,13,16,2017,10,80
3817,5,15,2017,11,80
3818,2,18,2017,7,83
3819,6,6,2017,8,78
3820,3,11,2017,4,75
3821,1,1,2017,9,80
3822,7,9,2017,12,81
3823,4,14,2017,6,76
3824,11,16,2017,6,76
3825,2,13,2017,4,75
3826,6,14,2017,6,76
3827,1,1,2017,3,75
3828,7,20,2017,6,82
3829,1,1,2017,5,76
3830,10,13,2017,5,80
3831,10,14,2017,3,77
3832,10,16,2017,10,78
3833,7,16,2017,3,83
3834,5,11,2017,6,78
3835,4,10,2017,4,76
3836,2,10,2017,8,79
3837,7,10,2017,5,80
3838,7,9,2017,5,77
3839,5,10,2017,5,79
3840,3,16,2017,4,81
3841,3,22,2017,9,74
3842,4,15,2017,11,78
3843,10,21,2017,10,78
3844,1,1,2017,3,78
3845,4,13,2017,10,78
3846,3,14,2017,2,75
3847,6,15,2017,11,80
3848,1,1,2017,2,74
3849,1,1,2017,12,77
3850,1,14,2017,6,74
3851,1,1,2017,10,82
3852,12,14,2017,6,74
3853,10,46,2017,11,81
3854,1,7,2017,7,75
3855,3,15,2017,11,77
3856,1,1,2017,4,77
3857,10,17,2017,6,82
3858,1,1,2017,10,75
3859,8,14,2017,8,77
3860,2,16,2017,3,80
3861,1,10,2017,6,70
3862,1,2,2017,7,75
3863,9,16,2017,6,75
3864,4,13,2017,4,76
3865,1,1,2017,2,75
3866,1,4,2017,6,70
3867,1,15,2017,11,77
3868,1,1,2017,11,82
3869,3,13,2017,6,70
3870,10,16,2017,6,77
3871,4,9,2017,12,78
3872,1,12,2017,5,75
3873,1,1,2017,2,78
3874,5,5,2017,6,74
3875,22,22,2017,3,76
3876,5,14,2017,8,73
3877,7,20,2017,12,74
3878,5,17,2017,6,81
3879,8,14,2017,6,72
3880,1,1,2017,4,73
3881,2,13,2017,6,69
3882,1,11,2017,6,76
3883,7,15,2017,3,77
3884,3,12,2017,7,74
3885,1,1,2017,12,76
3886,6,16,2017,3,80
3887,10,12,2017,12,72
3888,1,6,2017,2,72
3889,1,5,2017,11,76
3890,3,20,2017,12,78
3891,1,1,2017,2,78
3892,8,10,2017,6,77
3893,7,15,2017,12,73
3894,10,13,2017,5,75
3895,3,6,2017,5,72
3896,1,15,2017,7,82
3897,11,17,2017,11,76
3898,2,15,2017,3,79
3899,2,15,2017,11,75
3900,1,1,2017,2,67
3901,3,9,2017,12,75
3902,4,23,2017,6,67
3903,5,23,2017,6,67
3904,6,10,2017,6,68
3905,14,15,2017,11,74
3906,8,11,2017,12,76
3907,8,15,2017,11,75
3908,2,11,2017,7,74
3909,3,17,2017,10,73
3910,8,9,2017,12,75
3911,1,1,2017,3,71
3912,1,1,2017,12,77
3913,1,9,2017,12,75
3914,2,17,2017,5,77
3915,9,10,2017,5,75
3916,2,11,2017,9,75
3917,3,14,2017,6,70
3918,2,10,2017,7,77
3919,1,1,2017,9,81
3920,12,16,2017,3,78
3921,2,16,2017,9,77
3922,2,5,2017,11,75
3923,9,11,2017,6,72
3924,1,1,2017,2,78
3925,2,14,2017,7,68
3926,6,11,2017,10,74
3927,5,15,2017,4,72
3928,12,15,2017,11,73
3929,8,16,2017,8,73
3930,4,10,2017,5,75
3931,1,1,2017,4,72
3932,1,1,2017,11,75
3933,6,13,2017,4,72
3934,1,1,2017,12,68
3935,10,15,2017,11,73
3936,5,9,2017,9,78
3937,2,2,2017,9,75
3938,1,1,2017,4,74
3939,1,1,2017,10,71
3940,1,1,2017,5,78
3941,6,16,2017,9,72
3942,5,16,2017,3,67
3943,1,15,2017,4,70
3944,11,11,2017,4,68
3945,5,16,2017,8,74
3946,3,13,2017,5,77
3947,4,13,2017,6,66
3948,4,6,2017,11,70
3949,2,11,2017,1,69
3950,2,9,2017,9,78
3951,1,1,2017,7,69
3952,1,1,2017,3,74
3953,1,4,2017,11,72
3954,3,16,2017,3,76
3955,1,1,2017,1,80
3956,4,13,2017,10,76
3957,1,1,2017,9,72
3958,2,13,2017,2,66
3959,11,11,2017,6,72
3960,15,18,2017,2,77
3961,5,9,2017,2,70
3962,6,13,2017,1,70
3963,1,16,2017,3,67
3964,2,11,2017,9,67
3965,2,11,2017,1,71
3966,8,12,2017,5,75
3967,6,16,2017,6,69
3968,17,45,2017,10,70
3969,3,12,2017,6,69
3970,6,11,2017,11,71
3971,1,1,2017,3,78
3972,12,13,2017,3,69
3973,11,15,2017,11,71
3974,7,7,2017,4,70
3975,4,6,2017,8,80
3976,5,5,2017,5,69
3977,1,1,2017,1,74
3978,1,1,2017,3,77
3979,3,10,2017,5,72
3980,6,10,2017,5,72
3981,4,15,2017,10,73
3982,9,11,2017,6,70
3983,6,16,2017,8,67
3984,1,10,2017,5,72
3985,2,2,2017,10,70
3986,11,14,2017,10,73
3987,1,1,2017,3,66
3988,10,10,2017,4,74
3989,3,11,2017,9,69
3990,16,17,2017,6,69
3991,4,9,2017,9,75
3992,1,1,2017,6,78
3993,7,12,2017,10,73
3994,1,1,2017,6,78
3995,1,3,2017,1,74
3996,1,5,2017,9,71
3997,1,1,2017,12,74
3998,2,5,2017,6,69
3999,5,15,2017,7,69
4000,1,1,2017,8,75
4001,8,17,2017,11,70
4002,7,21,2017,10,67
4003,1,1,2017,11,69
4004,4,15,2017,4,67
4005,1,1,2017,12,72
4006,8,12,2017,4,75
4007,14,16,2017,10,68
4008,3,13,2017,3,68
4009,5,13,2017,10,74
4010,5,13,2017,12,70
4011,1,1,2017,11,75
4012,5,14,2017,6,67
4013,4,16,2017,6,69
4014,3,14,2017,8,68
4015,7,14,2017,6,67
4016,3,16,2017,8,76
4017,4,16,2017,7,73
4018,3,10,2017,4,67
4019,1,1,2017,5,69
4020,4,11,2017,9,66
4021,8,11,2017,6,70
4022,4,12,2017,1,65
4023,5,9,2017,12,72
4024,2,13,2017,4,69
4025,4,12,2017,6,66
4026,5,14,2017,2,66
4027,9,21,2017,10,66
4028,2,20,2017,10,75
4029,1,1,2017,10,71
4030,1,1,2017,3,72
4031,3,10,2017,4,65
4032,1,10,2017,6,70
4033,4,11,2017,10,66
4034,1,1,2017,9,68
4035,1,4,2017,10,69
4036,8,9,2017,8,71
4037,1,1,2017,12,63
4038,6,9,2017,3,65
4039,1,6,2017,9,68
4040,15,15,2017,7,67
4041,8,10,2017,12,70
4042,21,45,2017,10,68
4043,1,1,2017,3,64
4044,1,1,2017,9,68
4045,12,15,2017,5,68
4046,11,16,2017,10,69
4047,1,5,2017,2,67
4048,1,1,2017,11,70
4049,11,13,2017,9,71
4050,1,1,2017,7,73
4051,5,10,2017,4,70
4052,1,1,2017,2,76
4053,1,1,2017,1,67
4054,6,12,2017,5,71
4055,1,1,2017,12,66
4056,2,14,2017,2,68
4057,2,5,2017,11,65
4058,3,11,2017,12,66
4059,8,12,2017,10,68
4060,1,1,2017,6,67
4061,26,26,2017,3,73
4062,12,12,2017,10,69
4063,7,15,2017,11,69
4064,3,19,2017,1,67
4065,2,6,2017,5,69
4066,1,1,2017,7,68
4067,3,9,2017,5,67
4068,6,12,2017,4,73
4069,10,12,2017,2,64
4070,1,1,2017,9,73
4071,6,9,2017,12,70
4072,2,12,2017,10,67
4073,8,11,2017,5,70
4074,1,1,2017,4,70
4075,1,1,2017,5,67
4076,8,9,2017,9,75
4077,2,16,2017,7,71
4078,3,17,2017,5,72
4079,3,13,2017,11,66
4080,8,10,2017,5,70
4081,16,16,2017,8,66
4082,3,18,2017,7,66
4083,4,12,2017,6,67
4084,1,19,2017,2,68
4085,1,16,2017,7,70
4086,1,1,2017,12,67
4087,1,1,2017,6,66
4088,1,1,2017,8,67
4089,1,11,2017,9,67
4090,16,19,2017,7,65
4091,10,10,2017,5,63
4092,3,10,2017,8,66
4093,1,1,2017,12,65
4094,4,11,2017,6,68
4095,2,12,2017,9,67
4096,1,1,2017,12,63
4097,1,1,2017,9,66
4098,6,6,2017,2,66
4099,1,2,2017,12,69
4100,13,18,2017,11,76
4101,13,17,2017,11,62
4102,4,7,2017,4,68
4103,13,16,2017,8,75
4104,3,13,2017,10,64
4105,14,15,2017,4,66
4106,2,9,2017,5,66
4107,3,9,2017,9,74
4108,3,4,2017,10,68
4109,1,5,2017,9,77
4110,2,4,2017,1,68
4111,5,10,2017,4,70
4112,2,13,2017,5,66
4113,9,19,2017,2,74
4114,9,10,2017,4,65
4115,13,14,2017,10,70
4116,1,1,2017,8,63
4117,1,13,2017,10,71
4118,6,12,2017,6,72
4119,1,1,2017,6,64
4120,2,16,2017,8,72
4121,3,3,2017,9,62
4122,6,6,2017,8,66
4123,1,1,2017,6,67
4124,11,53,2017,11,66
4125,1,1,2017,6,66
4126,1,1,2017,12,66
4127,1,1,2017,7,72
4128,12,18,2017,11,74
4129,4,12,2017,12,64
4130,6,16,2017,7,67
4131,7,16,2017,6,71
4132,11,15,2017,3,71
4133,3,14,2017,11,72
4134,4,10,2017,12,63
4135,1,10,2017,6,65
4136,1,1,2017,9,65
4137,12,12,2017,5,65
4138,7,13,2017,10,67
4139,3,3,2017,1,69
4140,13,14,2017,6,64
4141,1,6,2017,5,70
4142,1,1,2017,10,61
4143,1,1,2017,5,72
4144,9,17,2017,6,72
4145,2,7,2017,7,66
4146,1,1,2017,5,65
4147,1,1,2017,2,65
4148,1,1,2017,12,68
4149,1,1,2017,10,75
4150,5,11,2017,9,66
4151,4,6,2017,2,67
4152,3,13,2017,5,77
4153,1,1,2017,5,69
4154,2,10,2017,9,63
4155,4,10,2017,1,68
4156,9,11,2017,7,67
4157,1,1,2017,12,68
4158,9,19,2017,5,66
4159,1,1,2017,10,68
4160,3,17,2017,9,63
4161,3,10,2017,6,64
4162,4,12,2017,4,64
4163,2,11,2017,7,68
4164,2,5,2017,8,65
4165,8,11,2017,9,65
4166,1,1,2017,4,67
4167,1,1,2017,6,61
4168,11,12,2017,6,69
4169,1,1,2017,10,67
4170,6,14,2017,11,64
4171,16,18,2017,2,73
4172,7,11,2017,9,64
4173,1,15,2017,12,66
4174,8,14,2017,2,66
4175,8,12,2017,10,66
4176,6,10,2017,4,64
4177,9,10,2017,6,60
4178,1,1,2017,8,72
4179,3,5,2017,1,69
4180,5,12,2017,6,72
4181,2,7,2017,4,64
4182,4,12,2017,4,67
4183,1,17,2017,6,81
4184,14,15,2017,5,64
4185,1,1,2017,1,64
4186,8,16,2017,7,67
4187,3,11,2017,7,65
4188,6,11,2017,6,66
4189,1,1,2017,8,70
4190,1,1,2017,9,64
4191,1,1,2017,8,61
4192,1,10,2017,4,63
4193,10,14,2017,6,63
4194,1,3,2017,9,60
4195,3,13,2017,10,65
4196,1,1,2017,12,66
4197,2,11,2017,6,64
4198,1,14,2017,10,68
4199,14,15,2017,3,70
4200,4,10,2017,6,64
4201,6,14,2017,2,64
4202,2,10,2017,6,60
4203,12,15,2017,4,63
4204,1,1,2017,1,66
4205,8,8,2017,3,64
4206,1,9,2017,11,70
4207,1,5,2017,1,62
4208,6,14,2017,2,64
4209,2,12,2017,5,65
4210,15,16,2017,3,69
4211,1,1,2017,5,63
4212,13,13,2017,11,70
4213,9,10,2017,4,65
4214,1,1,2017,5,65
4215,1,22,2017,3,65
4216,1,1,2017,3,64
4217,4,15,2017,3,62
4218,11,11,2017,9,61
4219,1,5,2017,3,72
4220,1,1,2017,2,63
4221,2,6,2017,8,72
4222,3,12,2017,4,65
4223,1,10,2017,12,62
4224,6,13,2017,12,61
4225,1,1,2017,2,67
4226,4,5,2017,8,65
4227,5,12,2017,5,65
4228,10,16,2017,3,71
4229,12,12,2017,9,72
4230,10,14,2017,11,60
4231,1,1,2017,1,65
4232,1,1,2017,1,71
4233,3,5,2017,10,69
4234,2,14,2017,11,66
4235,13,16,2017,8,66
4236,1,7,2017,10,68
4237,15,16,2017,6,63
4238,1,6,2017,5,71
4239,1,1,2017,7,66
4240,1,1,2017,4,70
4241,4,12,2017,3,62
4242,3,16,2017,6,63
4243,5,13,2017,4,62
4244,6,11,2017,8,67
4245,1,19,2017,1,59
4246,4,9,2017,8,67
4247,1,1,2017,4,62
4248,4,5,2017,4,64
4249,5,11,2017,4,71
4250,5,11,2017,8,65
4251,3,14,2017,11,63
4252,1,21,2017,10,60
4253,2,14,2017,9,70
4254,6,8,2017,6,63
4255,1,1,2017,1,62
4256,1,1,2017,11,74
4257,1,1,2017,4,61
4258,2,2,2017,2,66
4259,9,10,2017,6,63
4260,2,19,2017,7,65
4261,7,9,2017,9,71
4262,10,10,2017,10,61
4263,9,30,2017,12,62
4264,4,45,2017,10,68
4265,1,1,2017,3,60
4266,6,12,2017,6,63
4267,1,5,2017,6,63
4268,8,10,2017,5,62
4269,8,12,2017,7,63
4270,1,4,2017,12,62
4271,1,1,2017,2,66
4272,5,14,2017,10,67
4273,5,10,2017,12,63
4274,11,16,2017,8,71
4275,1,1,2017,7,62
4276,4,17,2017,6,70
4277,13,13,2017,6,59
4278,1,1,2017,2,72
4279,9,16,2017,3,69
4280,2,45,2017,10,66
4281,1,1,2017,7,68
4282,11,14,2017,6,61
4283,6,19,2017,1,62
4284,6,14,2017,3,66
4285,9,11,2017,5,65
4286,4,17,2017,12,61
4287,6,12,2017,5,68
4288,1,1,2017,5,71
4289,8,22,2017,3,66
4290,18,20,2017,11,60
4291,16,16,2017,7,65
4292,9,18,2017,12,64
4293,3,6,2017,3,60
4294,4,5,2017,4,62
4295,7,16,2017,7,64
4296,5,12,2017,4,78
4297,1,1,2017,6,61
4298,1,1,2017,11,73
4299,1,1,2017,11,61
4300,6,6,2017,12,60
4301,1,4,2017,1,65
4302,3,11,2017,6,64
4303,13,16,2017,3,69
4304,11,13,2017,6,58
4305,8,16,2017,10,63
4306,1,1,2017,8,61
4307,1,1,2017,5,72
4308,1,13,2017,7,64
4309,8,10,2017,8,62
4310,2,17,2017,6,63
4311,1,1,2017,9,61
4312,1,1,2017,12,65
4313,1,1,2017,9,73
4314,5,13,2017,4,64
4315,17,18,2017,2,69
4316,2,12,2017,12,62
4317,10,13,2017,4,64
4318,1,9,2017,7,70
4319,11,16,2017,3,70
4320,11,11,2017,8,65
4321,13,14,2017,3,62
4322,45,45,2017,10,64
4323,1,1,2017,7,58
4324,1,7,2017,6,68
4325,2,13,2017,3,61
4326,12,13,2017,4,64
4327,1,1,2017,9,74
4328,1,5,2017,9,71
4329,9,11,2017,3,70
4330,5,12,2017,4,65
4331,2,16,2017,10,62
4332,1,1,2017,5,60
4333,5,10,2017,5,63
4334,1,1,2017,3,65
4335,3,14,2017,2,63
4336,1,5,2017,7,69
4337,4,5,2017,2,60
4338,12,15,2017,12,62
4339,2,13,2017,9,61
4340,6,11,2017,9,62
4341,1,13,2017,10,67
4342,5,10,2017,4,60
4343,1,1,2017,11,63
4344,4,13,2017,5,64
4345,3,16,2017,9,65
4346,10,13,2017,6,58
4347,19,23,2017,9,60
4348,4,10,2017,4,61
4349,3,11,2017,7,65
4350,11,15,2017,4,61
4351,8,16,2017,3,69
4352,2,7,2017,4,60
4353,1,11,2017,3,61
4354,8,16,2017,6,70
4355,15,15,2017,5,59
4356,1,12,2017,1,59
4357,12,12,2017,4,74
4358,1,7,2017,9,65
4359,4,16,2017,10,62
4360,3,16,2017,6,67
4361,9,20,2017,3,60
4362,6,12,2017,10,62
4363,1,5,2017,8,59
4364,7,14,2017,10,65
4365,9,9,2017,11,65
4366,2,12,2017,7,60
4367,13,16,2017,6,64
4368,6,13,2017,12,65
4369,3,16,2017,10,63
4370,2,52,2017,3,67
4371,1,1,2017,6,61
4372,44,56,2017,12,68
4373,11,14,2017,9,59
4374,5,16,2017,7,66
4375,2,11,2017,6,63
4376,1,1,2017,7,65
4377,8,15,2017,4,61
4378,1,9,2017,10,67
4379,1,1,2017,8,70
4380,2,2,2017,10,60
4381,1,1,2017,11,68
4382,1,1,2017,1,61
4383,3,12,2017,2,60
4384,1,1,2017,8,61
4385,1,1,2017,10,59
4386,7,22,2017,3,65
4387,4,7,2017,12,60
4388,1,15,2017,12,67
4389,16,16,2017,3,68
4390,2,6,2017,7,66
4391,4,13,2017,12,64
4392,4,7,2017,3,62
4393,1,1,2017,6,65
4394,1,1,2017,12,70
4395,3,10,2017,4,61
4396,3,12,2017,5,62
4397,6,13,2017,5,70
4398,1,1,2017,2,60
4399,8,14,2017,9,58
4400,1,1,2017,4,72
4401,2,18,2017,12,59
4402,4,12,2017,2,67
4403,6,10,2017,6,60
4404,1,1,2017,5,63
4405,26,30,2017,12,62
4406,1,1,2017,12,64
4407,1,11,2017,7,64
4408,1,10,2017,9,64
4409,3,10,2017,9,58
4410,1,1,2017,5,59
4411,2,4,2017,6,61
4412,9,15,2017,4,60
4413,1,1,2017,8,64
4414,4,17,2017,9,61
4415,5,11,2017,7,63
4416,3,16,2017,6,61
4417,9,12,2017,8,64
4418,1,1,2017,8,68
4419,2,14,2017,10,60
4420,9,10,2017,11,63
4421,10,15,2017,4,60
4422,2,11,2017,4,59
4423,11,17,2017,6,69
4424,6,18,2017,2,69
4425,1,13,2017,5,69
4426,2,9,2017,11,65
4427,8,13,2017,12,64
4428,3,12,2017,11,63
4429,1,12,2017,4,63
4430,1,1,2017,8,63
4431,1,1,2017,10,59
4432,1,1,2017,5,65
4433,7,16,2017,10,61
4434,12,21,2017,10,59
4435,15,15,2017,5,61
4436,1,9,2017,3,65
4437,5,12,2017,8,66
4438,5,11,2017,7,64
4439,3,11,2017,4,75
4440,1,14,2017,4,63
4441,5,12,2017,10,58
4442,19,20,2017,10,71
4443,1,1,2017,12,70
4444,1,1,2017,10,62
4445,1,1,2017,5,64
4446,1,1,2017,5,68
4447,12,13,2017,9,60
4448,1,10,2017,12,61
4449,7,7,2017,4,60
4450,7,14,2017,1,60
4451,6,12,2017,7,59
4452,1,1,2017,10,61
4453,6,22,2017,3,64
4454,1,1,2017,11,67
4455,1,5,2017,3,59
4456,5,12,2017,10,62
4457,1,1,2017,5,64
4458,1,1,2017,3,67
4459,4,56,2017,12,73
4460,1,13,2017,12,58
4461,13,14,2017,6,68
4462,9,17,2017,11,55
4463,5,17,2017,10,63
4464,5,12,2017,12,65
4465,1,1,2017,4,57
4466,3,11,2017,1,73
4467,9,9,2017,12,63
4468,4,22,2017,9,58
4469,6,14,2017,9,60
4470,9,18,2017,7,58
4471,3,16,2017,7,65
4472,1,1,2017,7,67
4473,1,1,2017,6,70
4474,1,1,2017,9,59
4475,14,16,2017,7,64
4476,1,1,2017,3,61
4477,1,9,2017,1,58
4478,5,12,2017,7,60
4479,1,2,2017,10,70
4480,1,1,2017,5,59
4481,5,11,2017,4,74
4482,8,12,2017,7,63
4483,11,20,2017,6,60
4484,15,22,2017,3,66
4485,4,20,2017,6,59
4486,1,1,2017,11,64
4487,1,1,2017,1,59
4488,1,1,2017,10,56
4489,3,30,2017,12,60
4490,7,7,2017,2,63
4491,7,10,2017,4,59
4492,1,1,2017,4,61
4493,2,23,2017,6,55
4494,13,15,2017,4,59
4495,1,1,2017,12,68
4496,1,1,2017,8,57
4497,3,14,2017,10,64
4498,1,1,2017,6,58
4499,8,10,2017,4,58
4500,2,10,2017,4,67
4501,1,1,2017,11,57
4502,2,7,2017,5,64
4503,1,1,2017,6,66
4504,1,1,2017,5,60
4505,14,14,2017,6,56
4506,4,16,2017,9,63
4507,2,13,2017,12,63
4508,3,12,2017,3,57
4509,1,1,2017,4,67
4510,6,12,2017,5,62
4511,5,5,2017,5,59
4512,1,12,2017,2,71
4513,14,16,2017,10,61
4514,2,13,2017,5,59
4515,10,12,2017,4,61
4516,1,1,2017,3,60
4517,14,16,2017,3,66
4518,3,5,2017,12,62
4519,4,11,2017,7,63
4520,2,6,2017,11,57
4521,7,11,2017,10,59
4522,1,1,2017,8,72
4523,4,22,2017,3,62
4524,2,9,2017,3,56
4525,3,19,2017,1,55
4526,8,16,2017,8,70
4527,7,11,2017,6,61
4528,1,1,2017,2,56
4529,12,13,2017,12,60
4530,1,5,2017,10,60
4531,9,45,2017,10,59
4532,9,16,2017,10,62
4533,4,11,2017,9,60
4534,17,17,2017,6,60
4535,5,16,2017,6,58
4536,1,1,2017,12,56
4537,7,15,2017,7,72
4538,4,13,2017,2,61
4539,1,12,2017,2,59
4540,10,11,2017,9,59
4541,2,2,2017,12,63
4542,7,10,2017,6,55
4543,3,12,2017,5,67
4544,4,14,2017,2,59
4545,3,4,2017,6,57
4546,3,17,2017,6,67
4547,4,10,2017,4,57
4548,5,7,2017,12,60
4549,4,18,2017,2,66
4550,1,1,2017,12,57
4551,5,20,2017,12,61
4552,1,1,2017,5,68
4553,1,1,2017,10,61
4554,21,22,2017,3,60
4555,1,1,2017,12,60
4556,1,1,2017,12,65
4557,1,1,2017,2,60
4558,1,1,2017,4,70
4559,1,1,2017,9,69
4560,5,6,2017,11,61
4561,1,1,2017,6,62
4562,4,5,2017,9,63
4563,2,5,2017,5,64
4564,3,18,2017,12,57
4565,3,4,2017,11,66
4566,1,9,2017,9,65
4567,4,13,2017,8,60
4568,1,1,2017,9,58
4569,6,17,2017,3,61
4570,8,14,2017,11,56
4571,1,12,2017,11,65
4572,13,22,2017,3,61
4573,8,16,2017,6,58
4574,3,14,2017,4,62
4575,3,16,2017,3,61
4576,19,20,2017,6,63
4577,1,5,2017,11,57
4578,4,14,2017,10,63
4579,1,9,2017,5,59
4580,11,12,2017,4,65
4581,1,1,2017,4,65
4582,3,20,2017,10,59
4583,1,1,2017,9,67
4584,1,19,2017,7,59
4585,1,1,2017,5,60
4586,1,4,2017,6,58
4587,6,22,2017,9,57
4588,2,12,2017,6,57
4589,1,1,2017,11,65
4590,9,10,2017,8,59
4591,5,12,2017,9,58
4592,7,13,2017,7,56
4593,1,1,2017,8,65
4594,5,5,2017,12,61
4595,1,12,2017,5,68
4596,6,7,2017,12,71
4597,1,1,2017,7,57
4598,5,14,2017,9,65
4599,1,1,2017,11,56
4600,1,1,2017,3,54
4601,6,9,2017,1,57
4602,1,7,2017,8,59
4603,1,1,2017,7,58
4604,1,1,2017,9,57
4605,2,13,2017,6,58
4606,5,11,2017,5,61
4607,6,13,2017,6,54
4608,7,12,2017,6,57
4609,5,15,2017,5,56
4610,1,1,2017,10,57
4611,10,10,2017,4,58
4612,2,5,2017,12,67
4613,4,8,2017,10,60
4614,3,14,2017,11,56
4615,1,13,2017,12,60
4616,1,6,2017,5,56
4617,1,14,2017,7,57
4618,1,12,2017,4,58
4619,9,13,2017,3,58
4620,6,17,2017,6,65
4621,6,17,2017,9,57
4622,7,13,2017,11,57
4623,1,1,2017,11,66
4624,4,16,2017,6,58
4625,1,1,2017,9,68
4626,5,17,2017,7,59
4627,1,2,2017,1,68
4628,4,12,2017,10,59
4629,12,16,2017,8,65
4630,1,9,2017,2,65
4631,1,1,2017,6,56
4632,8,11,2017,8,71
4633,9,9,2017,9,63
4634,1,1,2017,5,57
4635,15,16,2017,4,64
4636,11,11,2017,5,58
4637,8,10,2017,4,66
4638,2,6,2017,11,57
4639,1,20,2017,12,59
4640,5,10,2017,9,56
4641,1,1,2017,12,68
4642,3,15,2017,5,58
4643,1,1,2017,11,65
4644,3,7,2017,7,57
4645,1,1,2017,11,55
4646,1,1,2017,11,64
4647,4,10,2017,12,58
4648,5,9,2017,5,58
4649,12,13,2017,5,59
4650,8,12,2017,4,61
4651,13,16,2017,7,61
4652,1,10,2017,12,64
4653,1,1,2017,9,62
4654,15,16,2017,6,58
4655,12,13,2017,11,71
4656,1,1,2017,12,74
4657,2,2,2017,5,62
4658,1,1,2017,3,61
4659,1,1,2017,10,58
4660,1,12,2017,4,63
4661,2,3,2017,11,60
4662,1,1,2017,1,60
4663,1,4,2017,4,61
4664,2,3,2017,1,58
4665,1,1,2017,10,70
4666,1,1,2017,10,58
4667,13,15,2017,7,68
4668,4,11,2017,6,59
4669,1,1,2017,3,58
4670,10,10,2017,6,54
4671,1,1,2017,11,61
4672,2,12,2017,5,65
4673,12,14,2017,4,56
4674,2,12,2017,4,60
4675,6,15,2017,9,63
4676,9,13,2017,10,61
4677,2,15,2017,12,59
4678,12,17,2017,6,68
4679,1,1,2017,10,68
4680,6,11,2017,7,62
4681,1,10,2017,11,66
4682,4,20,2017,10,59
4683,14,45,2017,10,59
4684,1,5,2017,8,57
4685,9,14,2017,11,55
4686,1,1,2017,4,57
4687,7,16,2017,11,58
4688,13,17,2017,11,60
4689,4,8,2017,5,63
4690,6,12,2017,10,60
4691,14,26,2017,3,69
4692,1,1,2017,4,60
4693,12,16,2017,10,58
4694,1,12,2017,5,60
4695,1,1,2017,9,61
4696,7,13,2017,9,61
4697,1,5,2017,4,69
4698,1,1,2017,11,65
4699,4,11,2017,2,56
4700,16,16,2017,4,66
4701,1,1,2017,4,56
4702,3,4,2017,4,57
4703,1,1,2017,5,64
4704,1,20,2017,6,58
4705,9,12,2017,4,61
4706,4,4,2017,4,63
4707,11,21,2017,10,56
4708,8,10,2017,6,54
4709,5,11,2017,4,65
4710,8,22,2017,9,56
4711,4,12,2017,9,57
4712,8,19,2017,5,58
4713,1,12,2017,7,57
4714,5,6,2017,11,55
4715,1,11,2017,7,53
4716,1,1,2017,3,65
4717,2,12,2017,9,58
4718,6,12,2017,5,57
4719,2,19,2017,2,59
4720,1,2,2017,7,59
4721,7,12,2017,12,62
4722,15,19,2017,1,56
4723,1,1,2017,12,62
4724,1,1,2017,8,56
4725,8,19,2017,2,59
4726,6,13,2017,12,55
4727,1,1,2017,2,74
4728,1,13,2017,1,55
4729,5,10,2017,6,54
4730,2,5,2017,1,57
4731,3,10,2017,10,56
4732,1,1,2017,5,60
4733,1,1,2017,7,56
4734,1,1,2017,7,62
4735,5,13,2017,10,58
4736,13,13,2017,12,72
4737,6,20,2017,10,61
4738,10,12,2017,6,52
4739,9,13,2017,2,54
4740,2,14,2017,10,61
4741,1,17,2017,7,59
4742,5,5,2017,9,68
4743,4,4,2017,6,66
4744,1,2,2017,4,65
4745,1,13,2017,10,62
4746,4,20,2017,10,64
4747,8,12,2017,10,60
4748,4,5,2017,8,56
4749,4,12,2017,5,58
4750,1,1,2017,4,58
4751,1,5,2017,12,58
4752,4,12,2017,9,54
4753,5,10,2016,2,84
4754,6,11,2016,12,85
4755,2,11,2016,4,78
4756,2,17,2016,10,87
4757,17,18,2016,11,84
4758,8,10,2016,4,82
4759,1,18,2016,11,86
4760,4,9,2016,11,84
4761,1,1,2016,7,87
4762,7,16,2016,1,82
4763,2,10,2016,4,84
4764,2,17,2016,8,81
4765,3,17,2016,8,82
4766,12,20,2016,5,87
4767,9,17,2016,8,81
4768,11,16,2016,1,84
4769,6,17,2016,10,84
4770,2,2,2016,10,79
4771,1,11,2016,4,81
4772,1,9,2016,11,81
4773,1,7,2016,7,76
4774,17,18,2016,11,79
4775,8,11,2016,8,78
4776,13,14,2016,8,79
4777,3,14,2016,11,82
4778,1,1,2016,7,80
4779,2,13,2016,9,75
4780,3,8,2016,9,76
4781,5,12,2016,1,80
4782,3,15,2016,4,77
4783,15,16,2016,8,76
4784,1,11,2016,4,72
4785,6,7,2016,3,81
4786,18,18,2016,11,81
4787,3,10,2016,2,77
4788,3,11,2016,4,72
4789,1,1,2016,12,75
4790,2,18,2016,3,81
4791,7,17,2016,8,77
4792,25,28,2016,8,78
4793,4,10,2016,11,75
4794,5,12,2016,1,71
4795,1,11,2016,12,75
4796,10,12,2016,4,77
4797,3,5,2016,7,76
4798,4,11,2016,5,71
4799,1,1,2016,2,82
4800,13,18,2016,5,74
4801,4,20,2016,5,75
4802,1,1,2016,4,82
4803,1,1,2016,11,79
4804,13,14,2016,8,84
4805,4,16,2016,1,79
4806,10,17,2016,2,75
4807,5,14,2016,8,79
4808,3,14,2016,6,72
4809,2,12,2016,5,79
4810,16,16,2016,1,75
4811,1,21,2016,11,80
4812,2,11,2016,5,70
4813,4,17,2016,10,78
4814,12,13,2016,4,75
4815,9,11,2016,8,74
4816,5,16,2016,1,75
4817,4,18,2016,11,76
4818,5,11,2016,5,69
4819,2,17,2016,1,72
4820,3,14,2016,11,75
4821,9,12,2016,2,75
4822,1,1,2016,12,78
4823,1,1,2016,6,78
4824,6,19,2016,10,72
4825,5,9,2016,11,76
4826,5,19,2016,10,81
4827,1,1,2016,6,75
4828,1,1,2016,8,71
4829,2,18,2016,11,75
4830,1,4,2016,7,79
4831,1,1,2016,7,79
4832,4,15,2016,8,72
4833,1,12,2016,1,68
4834,6,8,2016,9,71
4835,1,1,2016,6,76
4836,1,5,2016,2,74
4837,7,14,2016,10,79
4838,1,1,2016,4,69
4839,1,1,2016,11,77
4840,8,14,2016,10,74
4841,4,5,2016,8,71
4842,5,10,2016,4,67
4843,3,17,2016,1,71
4844,7,13,2016,5,70
4845,2,14,2016,5,71
4846,11,20,2016,5,75
4847,16,20,2016,5,76
4848,1,1,2016,8,78
4849,1,1,2016,7,70
4850,1,1,2016,7,70
4851,3,12,2016,6,73
4852,1,17,2016,8,74
4853,1,1,2016,8,72
4854,2,6,2016,2,71
4855,6,15,2016,8,70
4856,8,18,2016,11,73
4857,5,14,2016,8,75
4858,1,10,2016,4,71
4859,10,16,2016,1,79
4860,1,7,2016,8,72
4861,8,10,2016,11,74
4862,3,12,2016,9,67
4863,1,5,2016,2,70
4864,1,1,2016,12,69
4865,13,59,2016,11,68
4866,9,18,2016,11,73
4867,3,16,2016,1,73
4868,4,13,2016,12,71
4869,5,17,2016,8,71
4870,1,1,2016,11,67
4871,6,11,2016,5,66
4872,1,1,2016,4,67
4873,9,13,2016,9,66
4874,1,22,2016,2,71
4875,1,1,2016,5,75
4876,3,10,2016,6,68
4877,2,7,2016,8,71
4878,4,13,2016,4,70
4879,18,20,2016,5,71
4880,1,16,2016,1,71
4881,2,13,2016,4,72
4882,1,1,2016,8,69
4883,6,18,2016,11,73
4884,2,15,2016,10,77
4885,6,14,2016,10,70
4886,2,12,2016,7,72
4887,5,14,2016,7,72
4888,1,1,2016,6,77
4889,1,1,2016,7,71
4890,3,13,2016,9,71
4891,2,11,2016,8,70
4892,4,14,2016,4,71
4893,2,2,2016,8,79
4894,1,11,2016,4,74
4895,5,10,2016,10,69
4896,3,13,2016,11,66
4897,1,12,2016,5,73
4898,1,1,2016,10,79
4899,10,18,2016,11,71
4900,2,12,2016,11,79
4901,1,7,2016,9,72
4902,14,16,2016,12,67
4903,6,17,2016,1,66
4904,14,14,2016,4,70
4905,7,10,2016,4,68
4906,1,1,2016,11,70
4907,5,11,2016,4,64
4908,8,9,2016,11,71
4909,2,27,2016,2,69
4910,3,5,2016,12,73
4911,8,17,2016,1,67
4912,4,7,2016,10,68
4913,2,9,2016,11,71
4914,3,18,2016,11,71
4915,7,18,2016,11,70
4916,1,11,2016,8,67
4917,14,20,2016,5,68
4918,4,11,2016,8,67
4919,10,18,2016,3,72
4920,2,14,2016,4,68
4921,5,15,2016,5,78
4922,2,13,2016,3,68
4923,5,15,2016,2,67
4924,3,12,2016,8,67
4925,1,2,2016,1,71
4926,3,27,2016,2,68
4927,1,1,2016,7,66
4928,3,7,2016,7,69
4929,1,12,2016,1,69
4930,1,1,2016,4,71
4931,3,4,2016,12,73
4932,1,1,2016,10,67
4933,7,16,2016,1,64
4934,18,18,2016,11,74
4935,1,1,2016,9,77
4936,2,6,2016,6,65
4937,2,5,2016,2,66
4938,4,21,2016,9,67
4939,2,5,2016,9,70
4940,2,10,2016,1,72
4941,2,13,2016,2,69
4942,11,23,2016,5,73
4943,1,13,2016,4,76
4944,17,19,2016,3,68
4945,1,1,2016,11,69
4946,8,16,2016,1,68
4947,1,1,2016,2,70
4948,10,23,2016,5,74
